[{"model": "admin.logentry", "pk": 1, "fields": {"action_time": "2022-09-10T12:37:40.707Z", "user": 1, "content_type": 8, "object_id": "1", "object_repr": "Product object (1)", "action_flag": 1, "change_message": "[{\"added\": {}}]"}}, {"model": "admin.logentry", "pk": 2, "fields": {"action_time": "2022-09-16T10:20:20.549Z", "user": 1, "content_type": 8, "object_id": "1", "object_repr": "Product object (1)", "action_flag": 2, "change_message": "[]"}}, {"model": "admin.logentry", "pk": 3, "fields": {"action_time": "2022-09-16T10:21:54.476Z", "user": 1, "content_type": 8, "object_id": "2", "object_repr": "Product object (2)", "action_flag": 1, "change_message": "[{\"added\": {}}]"}}, {"model": "admin.logentry", "pk": 4, "fields": {"action_time": "2022-09-16T10:27:13.221Z", "user": 1, "content_type": 8, "object_id": "3", "object_repr": "Product object (3)", "action_flag": 1, "change_message": "[{\"added\": {}}]"}}, {"model": "admin.logentry", "pk": 5, "fields": {"action_time": "2022-09-16T10:35:22.566Z", "user": 1, "content_type": 8, "object_id": "4", "object_repr": "Product object (4)", "action_flag": 1, "change_message": "[{\"added\": {}}]"}}, {"model": "admin.logentry", "pk": 6, "fields": {"action_time": "2022-09-16T10:37:40.283Z", "user": 1, "content_type": 8, "object_id": "5", "object_repr": "Product object (5)", "action_flag": 1, "change_message": "[{\"added\": {}}]"}}, {"model": "admin.logentry", "pk": 7, "fields": {"action_time": "2022-09-16T17:48:44.704Z", "user": 1, "content_type": 8, "object_id": "6", "object_repr": "Product object (6)", "action_flag": 1, "change_message": "[{\"added\": {}}]"}}, {"model": "admin.logentry", "pk": 8, "fields": {"action_time": "2022-09-16T17:54:40.935Z", "user": 1, "content_type": 8, "object_id": "6", "object_repr": "Product object (6)", "action_flag": 2, "change_message": "[{\"changed\": {\"fields\": [\"Image\"]}}]"}}, {"model": "admin.logentry", "pk": 9, "fields": {"action_time": "2022-09-16T19:39:51.053Z", "user": 1, "content_type": 8, "object_id": "1", "object_repr": "Product object (1)", "action_flag": 2, "change_message": "[{\"changed\": {\"fields\": [\"Product name\", \"Image\"]}}]"}}, {"model": "admin.logentry", "pk": 10, "fields": {"action_time": "2022-09-16T19:40:58.756Z", "user": 1, "content_type": 8, "object_id": "2", "object_repr": "Product object (2)", "action_flag": 2, "change_message": "[{\"changed\": {\"fields\": [\"Image\"]}}]"}}, {"model": "admin.logentry", "pk": 11, "fields": {"action_time": "2022-09-16T19:41:40.903Z", "user": 1, "content_type": 8, "object_id": "3", "object_repr": "Product object (3)", "action_flag": 2, "change_message": "[{\"changed\": {\"fields\": [\"Image\"]}}]"}}, {"model": "admin.logentry", "pk": 12, "fields": {"action_time": "2022-09-16T19:42:47.769Z", "user": 1, "content_type": 8, "object_id": "4", "object_repr": "Product object (4)", "action_flag": 2, "change_message": "[{\"changed\": {\"fields\": [\"Image\"]}}]"}}, {"model": "admin.logentry", "pk": 13, "fields": {"action_time": "2022-09-16T19:43:20.675Z", "user": 1, "content_type": 8, "object_id": "5", "object_repr": "Product object (5)", "action_flag": 2, "change_message": "[{\"changed\": {\"fields\": [\"Image\"]}}]"}}, {"model": "admin.logentry", "pk": 14, "fields": {"action_time": "2022-09-20T20:59:34.091Z", "user": 1, "content_type": 8, "object_id": "6", "object_repr": "Product object (6)", "action_flag": 2, "change_message": "[{\"changed\": {\"fields\": [\"Product name\"]}}]"}}, {"model": "admin.logentry", "pk": 15, "fields": {"action_time": "2022-09-20T20:59:45.838Z", "user": 1, "content_type": 8, "object_id": "5", "object_repr": "Product object (5)", "action_flag": 2, "change_message": "[{\"changed\": {\"fields\": [\"Product name\"]}}]"}}, {"model": "admin.logentry", "pk": 16, "fields": {"action_time": "2022-09-20T20:59:51.695Z", "user": 1, "content_type": 8, "object_id": "4", "object_repr": "Product object (4)", "action_flag": 2, "change_message": "[{\"changed\": {\"fields\": [\"Product name\"]}}]"}}, {"model": "admin.logentry", "pk": 17, "fields": {"action_time": "2022-09-20T20:59:58.656Z", "user": 1, "content_type": 8, "object_id": "3", "object_repr": "Product object (3)", "action_flag": 2, "change_message": "[{\"changed\": {\"fields\": [\"Product name\"]}}]"}}, {"model": "admin.logentry", "pk": 18, "fields": {"action_time": "2022-09-20T21:00:04.585Z", "user": 1, "content_type": 8, "object_id": "2", "object_repr": "Product object (2)", "action_flag": 2, "change_message": "[{\"changed\": {\"fields\": [\"Product name\"]}}]"}}, {"model": "admin.logentry", "pk": 19, "fields": {"action_time": "2022-09-20T21:00:23.707Z", "user": 1, "content_type": 8, "object_id": "1", "object_repr": "Product object (1)", "action_flag": 2, "change_message": "[{\"changed\": {\"fields\": [\"Product name\", \"Description\"]}}]"}}, {"model": "admin.logentry", "pk": 20, "fields": {"action_time": "2022-09-23T16:31:15.907Z", "user": 1, "content_type": 4, "object_id": "2", "object_repr": "gg@gmail.com", "action_flag": 3, "change_message": ""}}, {"model": "admin.logentry", "pk": 21, "fields": {"action_time": "2022-09-28T09:19:02.353Z", "user": 1, "content_type": 4, "object_id": "10", "object_repr": "sylarv", "action_flag": 2, "change_message": "[{\"changed\": {\"fields\": [\"password\"]}}]"}}, {"model": "admin.logentry", "pk": 22, "fields": {"action_time": "2023-12-26T17:10:15.810Z", "user": 15, "content_type": 8, "object_id": "1", "object_repr": "Product object (1)", "action_flag": 2, "change_message": "[{\"changed\": {\"fields\": [\"Product name\", \"Description\", \"Image\"]}}]"}}, {"model": "admin.logentry", "pk": 23, "fields": {"action_time": "2023-12-26T17:20:52.914Z", "user": 15, "content_type": 8, "object_id": "2", "object_repr": "Product object (2)", "action_flag": 2, "change_message": "[{\"changed\": {\"fields\": [\"Product name\", \"Description\", \"Image\"]}}]"}}, {"model": "admin.logentry", "pk": 24, "fields": {"action_time": "2023-12-26T17:24:11.970Z", "user": 15, "content_type": 8, "object_id": "3", "object_repr": "Product object (3)", "action_flag": 2, "change_message": "[{\"changed\": {\"fields\": [\"Product name\", \"Category\", \"Description\", \"Image\"]}}]"}}, {"model": "admin.logentry", "pk": 25, "fields": {"action_time": "2023-12-26T23:01:46.672Z", "user": 15, "content_type": 8, "object_id": "4", "object_repr": "Product object (4)", "action_flag": 2, "change_message": "[{\"changed\": {\"fields\": [\"Product name\", \"Category\", \"Description\", \"Image\"]}}]"}}, {"model": "admin.logentry", "pk": 26, "fields": {"action_time": "2023-12-26T23:16:57.087Z", "user": 15, "content_type": 8, "object_id": "5", "object_repr": "Product object (5)", "action_flag": 2, "change_message": "[{\"changed\": {\"fields\": [\"Product name\", \"Category\", \"Description\", \"Image\"]}}]"}}, {"model": "admin.logentry", "pk": 27, "fields": {"action_time": "2023-12-26T23:21:20.450Z", "user": 15, "content_type": 8, "object_id": "6", "object_repr": "Product object (6)", "action_flag": 2, "change_message": "[{\"changed\": {\"fields\": [\"Product name\", \"Category\", \"Description\", \"Image\"]}}]"}}, {"model": "admin.logentry", "pk": 28, "fields": {"action_time": "2023-12-26T23:24:27.185Z", "user": 15, "content_type": 8, "object_id": "7", "object_repr": "Product object (7)", "action_flag": 1, "change_message": "[{\"added\": {}}]"}}, {"model": "admin.logentry", "pk": 29, "fields": {"action_time": "2023-12-26T23:26:49.461Z", "user": 15, "content_type": 8, "object_id": "8", "object_repr": "Product object (8)", "action_flag": 1, "change_message": "[{\"added\": {}}]"}}, {"model": "admin.logentry", "pk": 30, "fields": {"action_time": "2023-12-26T23:29:53.988Z", "user": 15, "content_type": 8, "object_id": "9", "object_repr": "Product object (9)", "action_flag": 1, "change_message": "[{\"added\": {}}]"}}, {"model": "admin.logentry", "pk": 31, "fields": {"action_time": "2023-12-26T23:33:08.403Z", "user": 15, "content_type": 8, "object_id": "10", "object_repr": "Product object (10)", "action_flag": 1, "change_message": "[{\"added\": {}}]"}}, {"model": "admin.logentry", "pk": 32, "fields": {"action_time": "2023-12-26T23:41:46.150Z", "user": 15, "content_type": 8, "object_id": "11", "object_repr": "Product object (11)", "action_flag": 1, "change_message": "[{\"added\": {}}]"}}, {"model": "admin.logentry", "pk": 33, "fields": {"action_time": "2023-12-26T23:43:57.410Z", "user": 15, "content_type": 8, "object_id": "12", "object_repr": "Product object (12)", "action_flag": 1, "change_message": "[{\"added\": {}}]"}}, {"model": "admin.logentry", "pk": 34, "fields": {"action_time": "2023-12-26T23:44:17.164Z", "user": 15, "content_type": 8, "object_id": "10", "object_repr": "Product object (10)", "action_flag": 2, "change_message": "[{\"changed\": {\"fields\": [\"Category\"]}}]"}}, {"model": "admin.logentry", "pk": 35, "fields": {"action_time": "2023-12-26T23:44:40.692Z", "user": 15, "content_type": 8, "object_id": "6", "object_repr": "Product object (6)", "action_flag": 2, "change_message": "[{\"changed\": {\"fields\": [\"Product name\"]}}]"}}, {"model": "admin.logentry", "pk": 36, "fields": {"action_time": "2023-12-26T23:45:00.566Z", "user": 15, "content_type": 8, "object_id": "5", "object_repr": "Product object (5)", "action_flag": 2, "change_message": "[{\"changed\": {\"fields\": [\"Product name\"]}}]"}}, {"model": "admin.logentry", "pk": 37, "fields": {"action_time": "2023-12-26T23:50:40.415Z", "user": 15, "content_type": 8, "object_id": "8", "object_repr": "Product object (8)", "action_flag": 2, "change_message": "[{\"changed\": {\"fields\": [\"Image\"]}}]"}}, {"model": "admin.logentry", "pk": 38, "fields": {"action_time": "2023-12-28T21:31:01.866Z", "user": 15, "content_type": 8, "object_id": "2", "object_repr": "Product object (2)", "action_flag": 2, "change_message": "[{\"changed\": {\"fields\": [\"Description\"]}}]"}}, {"model": "admin.logentry", "pk": 39, "fields": {"action_time": "2023-12-28T21:32:10.894Z", "user": 15, "content_type": 8, "object_id": "1", "object_repr": "Product object (1)", "action_flag": 2, "change_message": "[{\"changed\": {\"fields\": [\"Description\"]}}]"}}, {"model": "admin.logentry", "pk": 40, "fields": {"action_time": "2023-12-28T21:33:02.843Z", "user": 15, "content_type": 8, "object_id": "3", "object_repr": "Product object (3)", "action_flag": 2, "change_message": "[{\"changed\": {\"fields\": [\"Description\"]}}]"}}, {"model": "admin.logentry", "pk": 41, "fields": {"action_time": "2023-12-28T21:34:10.212Z", "user": 15, "content_type": 8, "object_id": "1", "object_repr": "Product object (1)", "action_flag": 2, "change_message": "[{\"changed\": {\"fields\": [\"Description\"]}}]"}}, {"model": "admin.logentry", "pk": 42, "fields": {"action_time": "2023-12-28T21:37:52.875Z", "user": 15, "content_type": 8, "object_id": "3", "object_repr": "Product object (3)", "action_flag": 2, "change_message": "[{\"changed\": {\"fields\": [\"Description\"]}}]"}}, {"model": "admin.logentry", "pk": 43, "fields": {"action_time": "2023-12-28T21:38:17.791Z", "user": 15, "content_type": 8, "object_id": "1", "object_repr": "Product object (1)", "action_flag": 2, "change_message": "[{\"changed\": {\"fields\": [\"Description\"]}}]"}}, {"model": "admin.logentry", "pk": 44, "fields": {"action_time": "2023-12-28T21:39:00.768Z", "user": 15, "content_type": 8, "object_id": "2", "object_repr": "Product object (2)", "action_flag": 2, "change_message": "[{\"changed\": {\"fields\": [\"Description\"]}}]"}}, {"model": "admin.logentry", "pk": 45, "fields": {"action_time": "2023-12-28T21:39:13.168Z", "user": 15, "content_type": 8, "object_id": "1", "object_repr": "Product object (1)", "action_flag": 2, "change_message": "[{\"changed\": {\"fields\": [\"Description\"]}}]"}}, {"model": "admin.logentry", "pk": 46, "fields": {"action_time": "2023-12-28T21:39:45.114Z", "user": 15, "content_type": 8, "object_id": "4", "object_repr": "Product object (4)", "action_flag": 2, "change_message": "[{\"changed\": {\"fields\": [\"Description\"]}}]"}}, {"model": "admin.logentry", "pk": 47, "fields": {"action_time": "2023-12-28T21:40:06.259Z", "user": 15, "content_type": 8, "object_id": "5", "object_repr": "Product object (5)", "action_flag": 2, "change_message": "[{\"changed\": {\"fields\": [\"Description\"]}}]"}}, {"model": "admin.logentry", "pk": 48, "fields": {"action_time": "2023-12-28T21:40:26.780Z", "user": 15, "content_type": 8, "object_id": "6", "object_repr": "Product object (6)", "action_flag": 2, "change_message": "[{\"changed\": {\"fields\": [\"Description\"]}}]"}}, {"model": "admin.logentry", "pk": 49, "fields": {"action_time": "2023-12-28T21:40:54.248Z", "user": 15, "content_type": 8, "object_id": "7", "object_repr": "Product object (7)", "action_flag": 2, "change_message": "[{\"changed\": {\"fields\": [\"Description\"]}}]"}}, {"model": "admin.logentry", "pk": 50, "fields": {"action_time": "2023-12-28T21:41:29.373Z", "user": 15, "content_type": 8, "object_id": "8", "object_repr": "Product object (8)", "action_flag": 2, "change_message": "[{\"changed\": {\"fields\": [\"Description\"]}}]"}}, {"model": "admin.logentry", "pk": 51, "fields": {"action_time": "2023-12-28T21:41:52.365Z", "user": 15, "content_type": 8, "object_id": "9", "object_repr": "Product object (9)", "action_flag": 2, "change_message": "[{\"changed\": {\"fields\": [\"Description\"]}}]"}}, {"model": "admin.logentry", "pk": 52, "fields": {"action_time": "2023-12-28T21:42:15.971Z", "user": 15, "content_type": 8, "object_id": "10", "object_repr": "Product object (10)", "action_flag": 2, "change_message": "[{\"changed\": {\"fields\": [\"Description\"]}}]"}}, {"model": "admin.logentry", "pk": 53, "fields": {"action_time": "2023-12-28T21:43:03.491Z", "user": 15, "content_type": 8, "object_id": "11", "object_repr": "Product object (11)", "action_flag": 2, "change_message": "[{\"changed\": {\"fields\": [\"Description\"]}}]"}}, {"model": "admin.logentry", "pk": 54, "fields": {"action_time": "2023-12-28T21:43:24.138Z", "user": 15, "content_type": 8, "object_id": "12", "object_repr": "Product object (12)", "action_flag": 2, "change_message": "[{\"changed\": {\"fields\": [\"Description\"]}}]"}}, {"model": "admin.logentry", "pk": 55, "fields": {"action_time": "2023-12-30T00:12:58.913Z", "user": 15, "content_type": 8, "object_id": "5", "object_repr": "Product object (5)", "action_flag": 2, "change_message": "[]"}}, {"model": "admin.logentry", "pk": 56, "fields": {"action_time": "2024-01-02T22:18:14.676Z", "user": 15, "content_type": 4, "object_id": "15", "object_repr": "admin002", "action_flag": 2, "change_message": "[{\"changed\": {\"fields\": [\"Email address\"]}}]"}}, {"model": "auth.permission", "pk": 1, "fields": {"name": "Can add log entry", "content_type": 1, "codename": "add_logentry"}}, {"model": "auth.permission", "pk": 2, "fields": {"name": "Can change log entry", "content_type": 1, "codename": "change_logentry"}}, {"model": "auth.permission", "pk": 3, "fields": {"name": "Can delete log entry", "content_type": 1, "codename": "delete_logentry"}}, {"model": "auth.permission", "pk": 4, "fields": {"name": "Can view log entry", "content_type": 1, "codename": "view_logentry"}}, {"model": "auth.permission", "pk": 5, "fields": {"name": "Can add permission", "content_type": 2, "codename": "add_permission"}}, {"model": "auth.permission", "pk": 6, "fields": {"name": "Can change permission", "content_type": 2, "codename": "change_permission"}}, {"model": "auth.permission", "pk": 7, "fields": {"name": "Can delete permission", "content_type": 2, "codename": "delete_permission"}}, {"model": "auth.permission", "pk": 8, "fields": {"name": "Can view permission", "content_type": 2, "codename": "view_permission"}}, {"model": "auth.permission", "pk": 9, "fields": {"name": "Can add group", "content_type": 3, "codename": "add_group"}}, {"model": "auth.permission", "pk": 10, "fields": {"name": "Can change group", "content_type": 3, "codename": "change_group"}}, {"model": "auth.permission", "pk": 11, "fields": {"name": "Can delete group", "content_type": 3, "codename": "delete_group"}}, {"model": "auth.permission", "pk": 12, "fields": {"name": "Can view group", "content_type": 3, "codename": "view_group"}}, {"model": "auth.permission", "pk": 13, "fields": {"name": "Can add user", "content_type": 4, "codename": "add_user"}}, {"model": "auth.permission", "pk": 14, "fields": {"name": "Can change user", "content_type": 4, "codename": "change_user"}}, {"model": "auth.permission", "pk": 15, "fields": {"name": "Can delete user", "content_type": 4, "codename": "delete_user"}}, {"model": "auth.permission", "pk": 16, "fields": {"name": "Can view user", "content_type": 4, "codename": "view_user"}}, {"model": "auth.permission", "pk": 17, "fields": {"name": "Can add content type", "content_type": 5, "codename": "add_contenttype"}}, {"model": "auth.permission", "pk": 18, "fields": {"name": "Can change content type", "content_type": 5, "codename": "change_contenttype"}}, {"model": "auth.permission", "pk": 19, "fields": {"name": "Can delete content type", "content_type": 5, "codename": "delete_contenttype"}}, {"model": "auth.permission", "pk": 20, "fields": {"name": "Can view content type", "content_type": 5, "codename": "view_contenttype"}}, {"model": "auth.permission", "pk": 21, "fields": {"name": "Can add session", "content_type": 6, "codename": "add_session"}}, {"model": "auth.permission", "pk": 22, "fields": {"name": "Can change session", "content_type": 6, "codename": "change_session"}}, {"model": "auth.permission", "pk": 23, "fields": {"name": "Can delete session", "content_type": 6, "codename": "delete_session"}}, {"model": "auth.permission", "pk": 24, "fields": {"name": "Can view session", "content_type": 6, "codename": "view_session"}}, {"model": "auth.permission", "pk": 25, "fields": {"name": "Can add auth token", "content_type": 7, "codename": "add_authtoken"}}, {"model": "auth.permission", "pk": 26, "fields": {"name": "Can change auth token", "content_type": 7, "codename": "change_authtoken"}}, {"model": "auth.permission", "pk": 27, "fields": {"name": "Can delete auth token", "content_type": 7, "codename": "delete_authtoken"}}, {"model": "auth.permission", "pk": 28, "fields": {"name": "Can view auth token", "content_type": 7, "codename": "view_authtoken"}}, {"model": "auth.permission", "pk": 29, "fields": {"name": "Can add product", "content_type": 8, "codename": "add_product"}}, {"model": "auth.permission", "pk": 30, "fields": {"name": "Can change product", "content_type": 8, "codename": "change_product"}}, {"model": "auth.permission", "pk": 31, "fields": {"name": "Can delete product", "content_type": 8, "codename": "delete_product"}}, {"model": "auth.permission", "pk": 32, "fields": {"name": "Can view product", "content_type": 8, "codename": "view_product"}}, {"model": "auth.permission", "pk": 33, "fields": {"name": "Can add cart", "content_type": 9, "codename": "add_cart"}}, {"model": "auth.permission", "pk": 34, "fields": {"name": "Can change cart", "content_type": 9, "codename": "change_cart"}}, {"model": "auth.permission", "pk": 35, "fields": {"name": "Can delete cart", "content_type": 9, "codename": "delete_cart"}}, {"model": "auth.permission", "pk": 36, "fields": {"name": "Can view cart", "content_type": 9, "codename": "view_cart"}}, {"model": "auth.permission", "pk": 37, "fields": {"name": "Can add billing form", "content_type": 10, "codename": "add_billingform"}}, {"model": "auth.permission", "pk": 38, "fields": {"name": "Can change billing form", "content_type": 10, "codename": "change_billingform"}}, {"model": "auth.permission", "pk": 39, "fields": {"name": "Can delete billing form", "content_type": 10, "codename": "delete_billingform"}}, {"model": "auth.permission", "pk": 40, "fields": {"name": "Can view billing form", "content_type": 10, "codename": "view_billingform"}}, {"model": "auth.permission", "pk": 41, "fields": {"name": "Can add wallet transaction", "content_type": 11, "codename": "add_wallettransaction"}}, {"model": "auth.permission", "pk": 42, "fields": {"name": "Can change wallet transaction", "content_type": 11, "codename": "change_wallettransaction"}}, {"model": "auth.permission", "pk": 43, "fields": {"name": "Can delete wallet transaction", "content_type": 11, "codename": "delete_wallettransaction"}}, {"model": "auth.permission", "pk": 44, "fields": {"name": "Can view wallet transaction", "content_type": 11, "codename": "view_wallettransaction"}}, {"model": "auth.permission", "pk": 45, "fields": {"name": "Can add wallet", "content_type": 12, "codename": "add_wallet"}}, {"model": "auth.permission", "pk": 46, "fields": {"name": "Can change wallet", "content_type": 12, "codename": "change_wallet"}}, {"model": "auth.permission", "pk": 47, "fields": {"name": "Can delete wallet", "content_type": 12, "codename": "delete_wallet"}}, {"model": "auth.permission", "pk": 48, "fields": {"name": "Can view wallet", "content_type": 12, "codename": "view_wallet"}}, {"model": "auth.user", "pk": 1, "fields": {"password": "pbkdf2_sha256$390000$73jGG4e3IIsJREVNEra4Kq$9aGZ66WoCEx61z/Ppqc1O7W3WqQWeT+WuIGShlu6UAo=", "last_login": "2022-10-06T20:59:45.973Z", "is_superuser": true, "username": "admin001", "first_name": "", "last_name": "", "email": "sylarvicky@gmail.com", "is_staff": true, "is_active": true, "date_joined": "2022-09-09T16:57:58.836Z", "groups": [], "user_permissions": []}}, {"model": "auth.user", "pk": 3, "fields": {"password": "pbkdf2_sha256$390000$9pxtFFeqoFpFs9pcGNxh09$VOguj0OP91SSdxA8+QVq1otBDKKApRBqI+eMFMQfu2Q=", "last_login": null, "is_superuser": false, "username": "g@gmail.com", "first_name": "giggy", "last_name": "biggy", "email": "", "is_staff": false, "is_active": true, "date_joined": "2022-09-23T16:24:06.320Z", "groups": [], "user_permissions": []}}, {"model": "auth.user", "pk": 4, "fields": {"password": "pbkdf2_sha256$390000$085rWEHDa77IRBSrnSNW2A$iKk4ofkHrjSTCaHTycxSgLuoaIduiN0cCy1USi97t1w=", "last_login": null, "is_superuser": false, "username": "ga@gmail.com", "first_name": "giggy", "last_name": "biggy", "email": "ga@gmail.com", "is_staff": false, "is_active": true, "date_joined": "2022-09-23T16:26:37.482Z", "groups": [], "user_permissions": []}}, {"model": "auth.user", "pk": 5, "fields": {"password": "pbkdf2_sha256$390000$mBilG1l2ocZbP8lr5bcrGH$O7TlaSUbXE0nteqrfzxVFzsP17PZBK9wTGwjOn/NnUk=", "last_login": null, "is_superuser": false, "username": "gag@gmail.com", "first_name": "giggy", "last_name": "biggy", "email": "gag@gmail.com", "is_staff": false, "is_active": true, "date_joined": "2022-09-23T16:28:07.691Z", "groups": [], "user_permissions": []}}, {"model": "auth.user", "pk": 6, "fields": {"password": "pbkdf2_sha256$390000$kdK1g4AOgkgxeM5ZIhT0b0$RZ5NedGVYgT3PT+ehLRggkSFmtJpSwtnabbQV73oeJ4=", "last_login": null, "is_superuser": false, "username": "gagref", "first_name": "giggy", "last_name": "biggy", "email": "gag@g.com", "is_staff": false, "is_active": true, "date_joined": "2022-09-23T16:43:22.013Z", "groups": [], "user_permissions": []}}, {"model": "auth.user", "pk": 7, "fields": {"password": "pbkdf2_sha256$390000$5RKhhlW0tDHu2elod2vdHP$bpqSdpKM6ZoC4jks6ihJ6OnBbNKqhsCCjq8k6U9bLuo=", "last_login": null, "is_superuser": false, "username": "jonah", "first_name": "lorde", "last_name": "Grealish", "email": "jj@react.com", "is_staff": false, "is_active": true, "date_joined": "2022-09-25T15:35:36.755Z", "groups": [], "user_permissions": []}}, {"model": "auth.user", "pk": 8, "fields": {"password": "pbkdf2_sha256$390000$gZ7UhITgwELDqvuOdCEfMd$1k9J9kEqm5mAnmSEZILxxOKypuokDBaf6m6BCLQ0WTI=", "last_login": null, "is_superuser": false, "username": "judah", "first_name": "lorde", "last_name": "Grealish", "email": "jjq@react.com", "is_staff": false, "is_active": true, "date_joined": "2022-09-25T15:45:40.896Z", "groups": [], "user_permissions": []}}, {"model": "auth.user", "pk": 9, "fields": {"password": "pbkdf2_sha256$390000$1p9R6bvLvKbqrROWqmh30L$szEigqpU1qRh9aD0pTTBiQsmtN7In5sJJ9zLwuKn1lo=", "last_login": null, "is_superuser": false, "username": "django-boy", "first_name": "Simon", "last_name": "Peters", "email": "v@django.com", "is_staff": false, "is_active": true, "date_joined": "2022-09-25T15:47:15.134Z", "groups": [], "user_permissions": []}}, {"model": "auth.user", "pk": 10, "fields": {"password": "pbkdf2_sha256$390000$XntAgydmpNIiiHZiX3J02f$Oxzhs1vedE0mJt/ie55WKqauo8z7oiXluerBw7bVbnY=", "last_login": null, "is_superuser": false, "username": "sylarv", "first_name": "Sylar", "last_name": "Yadi", "email": "sylaryadi@gmail.com", "is_staff": false, "is_active": true, "date_joined": "2022-09-27T20:29:38.385Z", "groups": [], "user_permissions": []}}, {"model": "auth.user", "pk": 11, "fields": {"password": "pbkdf2_sha256$390000$T4ssYY9StWBuMDiYMc7VMl$tl0C9u28ud2gkFyL+SECOzNJJwFYSvg/zpOOk7iuK4I=", "last_login": null, "is_superuser": false, "username": "guku", "first_name": "big boss", "last_name": "big man", "email": "guku@gmail.com", "is_staff": false, "is_active": true, "date_joined": "2022-09-29T09:09:36.629Z", "groups": [], "user_permissions": []}}, {"model": "auth.user", "pk": 12, "fields": {"password": "pbkdf2_sha256$390000$QQbxacCZ0NNp8VaGiHxVQl$mcKglQn+LOSzYglY4m+QQ+CBO0XfpPGmqlPMCHo+y8w=", "last_login": null, "is_superuser": false, "username": "cocoboy1", "first_name": "Sick", "last_name": "Bastard", "email": "bast@gmail.com", "is_staff": false, "is_active": true, "date_joined": "2022-10-06T23:27:27.996Z", "groups": [], "user_permissions": []}}, {"model": "auth.user", "pk": 13, "fields": {"password": "pbkdf2_sha256$390000$zeAfkzgwoVddpCUl7WMjrY$/Ja4AR+Q5+ArKEDhkJ08lK8V3kLqEzAgVOH6Z018TiM=", "last_login": null, "is_superuser": false, "username": "cocogirl", "first_name": "Sick", "last_name": "Bastard", "email": "bast@gmail.com", "is_staff": false, "is_active": true, "date_joined": "2022-10-06T23:28:26.648Z", "groups": [], "user_permissions": []}}, {"model": "auth.user", "pk": 14, "fields": {"password": "pbkdf2_sha256$390000$gyyhMDN31dR5GtLzFleZ7R$aKxXlK5qySIq5oEgna9wR1V5T5KjDQv1XZjmk+KxjUM=", "last_login": null, "is_superuser": false, "username": "django-boy01", "first_name": "Peter", "last_name": "Paul", "email": "emma@jemmy.com", "is_staff": false, "is_active": true, "date_joined": "2023-11-07T16:48:09.990Z", "groups": [], "user_permissions": []}}, {"model": "auth.user", "pk": 15, "fields": {"password": "pbkdf2_sha256$390000$xiqm6XvjJMUmQTsqCy2yuB$ZI1GaLYbv8NH0mW364uG+kvFb/xe8M26lXJHfpH/RQ8=", "last_login": "2024-01-11T07:44:48.409Z", "is_superuser": true, "username": "admin002", "first_name": "", "last_name": "", "email": "sylarvicky@gmail.com", "is_staff": true, "is_active": true, "date_joined": "2023-12-26T17:04:05Z", "groups": [], "user_permissions": []}}, {"model": "contenttypes.contenttype", "pk": 1, "fields": {"app_label": "admin", "model": "logentry"}}, {"model": "contenttypes.contenttype", "pk": 2, "fields": {"app_label": "auth", "model": "permission"}}, {"model": "contenttypes.contenttype", "pk": 3, "fields": {"app_label": "auth", "model": "group"}}, {"model": "contenttypes.contenttype", "pk": 4, "fields": {"app_label": "auth", "model": "user"}}, {"model": "contenttypes.contenttype", "pk": 5, "fields": {"app_label": "contenttypes", "model": "contenttype"}}, {"model": "contenttypes.contenttype", "pk": 6, "fields": {"app_label": "sessions", "model": "session"}}, {"model": "contenttypes.contenttype", "pk": 7, "fields": {"app_label": "knox", "model": "authtoken"}}, {"model": "contenttypes.contenttype", "pk": 8, "fields": {"app_label": "commerce", "model": "product"}}, {"model": "contenttypes.contenttype", "pk": 9, "fields": {"app_label": "commerce", "model": "cart"}}, {"model": "contenttypes.contenttype", "pk": 10, "fields": {"app_label": "commerce", "model": "billingform"}}, {"model": "contenttypes.contenttype", "pk": 11, "fields": {"app_label": "wallet", "model": "wallettransaction"}}, {"model": "contenttypes.contenttype", "pk": 12, "fields": {"app_label": "wallet", "model": "wallet"}}, {"model": "sessions.session", "pk": "7l1dusmw8nwf0yop90xh77kiz17r3bqd", "fields": {"session_data": ".eJxVjEEOwiAQRe_C2pCBgoBL9z0DGYapVA0kpV0Z765NutDtf-_9l4i4rSVunZc4Z3ERyorT75iQHlx3ku9Yb01Sq-syJ7kr8qBdji3z83q4fwcFe_nW4JVGYADWGVihhazORieiKfvJebROewyJEAcOQSV2rIjIpDAYQiPeHxIPONg:1rIArL:dEkVAPSuTUQ3fDlBWZxlIb7xWVG5Y4sHBUXbCKeQwgo", "expire_date": "2024-01-09T17:04:51.775Z"}}, {"model": "sessions.session", "pk": "c0bjbgkqhq3k053hnwl2jrf6hwgeeazi", "fields": {"session_data": ".eJxVjEEOwiAQRe_C2pCBgoBL9z0DGYapVA0kpV0Z765NutDtf-_9l4i4rSVunZc4Z3ERyorT75iQHlx3ku9Yb01Sq-syJ7kr8qBdji3z83q4fwcFe_nW4JVGYADWGVihhazORieiKfvJebROewyJEAcOQSV2rIjIpDAYQiPeHxIPONg:1rNpk8:BnNKwa9s7-LrFPkGt6LFmmX5YbPluel0q1RBEPfaIpk", "expire_date": "2024-01-25T07:44:48.417Z"}}, {"model": "commerce.product", "pk": 1, "fields": {"product_name": "Crysully", "category": "men", "description": "_Material: 95% Cotton & 5% spandex, sherpa lined\r\nhoodie jacket keeps you warm enough\r\n\r\n_Design: The mens hoodies with drawstring hood and\r\nwide ribbed hem and cuffs to lock in warmth.\r\n\r\n_Feature:Full zip up and two side pockets of this\r\nrunning jacket coat make it convenient to store\r\nsmall items and keep hands warm.\r\n\r\n_All-match: This zip hoodie can take a T-shirt or\r\nknitted sweater, match with sweatpants, jeans,\r\ncasual pants.\r\n\r\n_Occasion: The winter fleece jacket is great for work,\r\nschool, vacation or outdoor leisure running,", "price": 20000, "count": 1, "image": "products/IMG_0241_raleqh", "created_at": "2022-09-10T12:37:40.704Z"}}, {"model": "commerce.product", "pk": 2, "fields": {"product_name": "Elesuit", "category": "men", "description": "_MATERIAL: This flannel hoodie shell crafted with\r\n100% cotton, Sleeves lining incloud Cozy and thick\r\nfleece keeps you warm and comfortable in cold\r\nweather.\r\n\r\n_Features: Jacket for men features full zip up design\r\nfor easy on-and-off, hooded design with adjustable\r\ndrawstring, sherpa lined hood for extra warmth.2\r\nside pockets and a breast pocket, fashion plaid\r\ndesign.\r\n\r\n_Occasion: Our men's zip hoodie sweatshirt, perfect\r\nin Spring, Fall, and Winter. Not only suitable for\r\ndailv wear but also casual, office, partv, school,\r\nsport, skiing, and skating. Great gifts for your friend,\r\nson, husband, and yourself.\r\n\r\n_Size: Elesuit flecee iacket for men were true to US\r\nsizing, a variety of sizes and colors for you to\r\nchoose. You can choose according to your style and\r\nnormal size.\r\n\r\n_Elesuit Service: Any other questions, please click on\r\nthe store (Elesuit) to contact us. We listen to\r\ncustomer feedback and fine-tune every detail to\r\nensure qualitv, fit. and comfort", "price": 30000, "count": 1, "image": "products/IMG_0283_pdpwmp", "created_at": "2022-09-16T10:21:54.474Z"}}, {"model": "commerce.product", "pk": 3, "fields": {"product_name": "Fabugi", "category": "unisex", "description": "_MULTI-POCKETS: Two chest flap pockets with snap\r\nclosures, two side pockets qood enough for storing\r\nessentials.\r\n\r\n_QUALITY MATERIAL: This hooded Jacket shell is\r\nmade of 100% cotton fabric, soft, warm and\r\ndurable. body lining and hood lining with ultra soft\r\nwarm fleece, warm. comfortable and durable, non-\r\npilling and non-shedding. black quilted padding in\r\nthe sleeves to be comfortable all day long.\r\n\r\n_DESIGN: The Snap buttons design makes this fleece\r\nlined flannel hooded windbreaker jacket easy to put\r\non and off at the end of your long day. Drawstring\r\nhood and adjustable snap cuffs make the jacket\r\nwindproof and thermal\r\n\r\n_SUITABLE FOR: The warm iacket is a good for work\r\nin winter, perfect for dailv wear, outdoor casual.\r\ntravelling, camping, golf, hiking and other outdoor\r\nactivities, Keep vou fashion and comfortable in cold\r\nwinter\r\n\r\n_BUILT TO LAST: Detail is what sets our apparel apart\r\nfrom others. We use onlv the highest quality\r\nmaterials, expert craftsmanship, and durable\r\nstitchin. we listen to customer feedback and fine.\r\ntune every detail to ensure qualitv, fit, and comfort.", "price": 30000, "count": 1, "image": "products/IMG_0289_ou0bgb", "created_at": "2022-09-16T10:27:13.220Z"}}, {"model": "commerce.product", "pk": 4, "fields": {"product_name": "Gimecen", "category": "men", "description": "_SOFT FABRIC: This polar fleece iacket is crafted of\r\nultra-soft 100% polyester microfleece for the\r\nperfect amount of Comfort.\r\n\r\n_ULTIMATE COMFORT: With a stand collar style\r\ndesignand full zippered closure, you'll maintain a\r\nfull range of motion with this lightweight soft fleece\r\niacket.\r\n\r\n_VERSATILITY: Soft and warm, the microfleece\r\nmaterial is the perfect outer or extra mid layer\r\nwarmth for various occasions, it is the perfect laver\r\nfor evervdav casual wear and outdoor sports.\r\n\r\n_CLASSIC FIT: A modern classic fit and with a soft.\r\nlightweight feel and two zippered hand pockets\r\nmake this fleece iacket a staple for comfortable\r\noutdoor activity.\r\n\r\n_DURABILITY: Gimecen's attention to detail is what\r\nsets our apparel apart. Specifying only the highest\r\nquality materials, expert stitching and\r\ncraftsmanship. This is a lonq-lasting qarment you\r\nwill eniov for seasons to come", "price": 30000, "count": 1, "image": "products/IMG_0207_lta1ia", "created_at": "2022-09-16T10:35:22.565Z"}}, {"model": "commerce.product", "pk": 5, "fields": {"product_name": "Kefitevd", "category": "unisex", "description": "_Material: Polyester. Warm, Comfortable, Windproof,\r\nSoft and Breathable.\r\nKeep Warm: This men's fleece jacket is made of\r\nwarm and comfortable fleece fabric, providing you\r\nwith a warm and comfortable wearing experience in\r\ncold weather.\r\n\r\n_Multi Pockets: This tactical jacket has many pockets\r\nfor storing personal belongings - 2 zippered hand\r\npockets. 1 zipper chest pocket. 2 pockets on arms\r\nand 1 inner pocket.\r\n\r\n_Features: Adjustable cuffs and hem, stand up collar,\r\npatch on the arm, full zip, windproof warm fleece.\r\n\r\n_Occasions: Great for hiking, travel, work,\r\nmountaineering, camping, hunting, fishing, tactical,\r\nmilitary training, everyday wear and more other\r\noutdoor sports.", "price": 20000, "count": 1, "image": "products/IMG_0229_s5caig", "created_at": "2022-09-16T10:37:40.282Z"}}, {"model": "commerce.product", "pk": 6, "fields": {"product_name": "Pooluly", "category": "unisex", "description": "_Waterproof Windproof Snow Jacket, also can fights\r\nbad rainy or misty weather, Keep your body always\r\ndry and comfortable when you are outside\r\n\r\n_Adjustable cuffs, stretchable glove hole help seal in\r\nwarmth, adjustable storm hood help to keep wind\r\nout, Wear resisting soft shell is highly wind resistant\r\n\r\n_Professional water repellent coated, fluff lining and\r\ndurable fabric quarantees the best heat retention,\r\nRelaxed-fit stvle with quick-dry material\r\n\r\n_Multipurpose: Downhill Skiing, Snowboarding,\r\nSnow sports and other winter outdoor sports\r\n\r\n_Size notes: Jacket offers a standard fit. Please\r\nchoose bv US size", "price": 20000, "count": 1, "image": "products/IMG_0223_xvsorx", "created_at": "2022-09-16T17:48:44.703Z"}}, {"model": "commerce.product", "pk": 7, "fields": {"product_name": "Rapoo", "category": "unisex", "description": "_Warm & Durable Snow Jacket: The outer shell fabric\r\nis tough and resistant to wear, while the inner soft\r\nfleece lining will keep you warm and comfortable\r\nduring the cold winter. The stitching is reinforced\r\nand solid, so it will last for years.\r\n\r\n_Waterproof & Quick Dry Winter Coats for Men: Our\r\nwinter jacket with a professional water repellent\r\ncoating and has a waterproof level of 10000mm.\r\nThe zippers are also waterproof, so you don't have\r\nto worry about getting wet while skiing,\r\nsnowboarding, or in rainy weather.\r\n\r\n_Details: 1.Adjustable velcro cuffs help seal in\r\nwarmth; 2.Detachable storm hood with adjustable\r\ndrawstring, velcro, stand collar, and full zipper\r\nclosure,all the well-designs keep out the wind\r\neffectively; 3.Wear resisting soft shell is highly wind\r\nresistance and warmth.\r\n\r\n_Multi Pockets: 2 zippered hand pockets, 1 zippered\r\nchest pocket, 1 internal secure pocket suitable for\r\nphone wallet, passport and other accessories.\r\n\r\n_Occasions: An essential and relaxed fit outdoor &\r\ntravelling insulated jacket,ideal outfits for Downhill\r\nSkiing, Snowboarding, Snow Sports,\r\nHiking,Mountaineering, Camping, Rock\r\nClimbing, Cycling and other winter outdoor activities.", "price": 40000, "count": 1, "image": "products/IMG_0235_d9befc", "created_at": "2023-12-26T23:24:27.182Z"}}, {"model": "commerce.product", "pk": 8, "fields": {"product_name": "Runcati", "category": "men", "description": "_New Fashion Mens Fleece Lined Plaid Jackets Full\r\nZip Fall Winter Coat\r\n\r\n_[FEATURES] : Mens casual fleece jacket, Open\r\nfront, long sleeve, zip up, two chest pockets, slim fit,\r\nsolid color, Buffalo Plaid Jacket, fleece outerwear for\r\nmen, windproof, stylish desigh and chunky fabric\r\nkeep you attractive, warm in fall and winter. Make\r\nYou Beautiful, Fashionable, Attractive.\r\n\r\n_[OCCASIONS]: sports, office, party, club wear,\r\nstreetwear, casual, qoing out, work out, night out,\r\nChristmas etc. Great pair with jeans or casual pants.\r\nThis is must-have for fashion-conscious men\r\n\r\n_Simple but Fashion Style That's Popular with men /\r\nboys / high school or college students / all the\r\nyouth or adults. Ideal gift for families, friends,\r\nbovfriend or husband.\r\n\r\n_[Runcati]: registered trademark serial number:\r\n5672646. Please Recognize The Runcati Registered-\r\nTrademark, we know how important appeals could\r\nbe. Get us pumped to meet you!", "price": 35000, "count": 1, "image": "products/IMG_0264_dw6mfq", "created_at": "2023-12-26T23:26:49.460Z"}}, {"model": "commerce.product", "pk": 9, "fields": {"product_name": "Sovtemp", "category": "unisex", "description": "_Fleece Hoodie Coat: High-quality shell fabric with\r\nsoft and comfortable thickening fleece lining, keep\r\nyou comfy and warm in cold weather.\r\n\r\n_Full Zip Hoodie: Full zipper jacket for men design,\r\nhooded with drawstring, hand-warmer front\r\npockets, easy to take and off.\r\n\r\n_Men Thick Sweatshirt: Ribbed hem and cuffs could\r\nlock the warmth in winter and cold wind. Excellent\r\nworkmanship ensure the durability.\r\n\r\n_Occasion: The mens zip up hoodies perfect for daily\r\nlife,work, driving,school, dating, travel, walking, trip,hol\r\niday,sports,vacation etc.\r\n\r\n_Tips: Normal temperature washing.Wash dark color\r\nseparately. We are committed to provide everv\r\ncustomer the most satisfactorv after-sales service.\r\nPlease choose the size that suits you according to\r\nour size chart.", "price": 28500, "count": 1, "image": "products/IMG_0278_ryjfnj", "created_at": "2023-12-26T23:29:53.987Z"}}, {"model": "commerce.product", "pk": 10, "fields": {"product_name": "Sugarno", "category": "men", "description": "_Material: Mens hoodies is made of recvcled polyester\r\npolar fleece, soft and stretchy warm lightweight\r\nmaterial\r\n\r\n_Sherpa Jackets: The hoodies for men with a cozy,\r\nwarm and ultra soft Sherpa lining for maximum\r\ncomfort\r\n\r\n_Design: Men hooded sweatshirt with kangaroo\r\npocket, adjustable drawstring, long sleeve, smooth\r\nand durable stitching, plain basic hoodie\r\n\r\n_Features: Zip up hoodie men with Elastic and\r\nshrinkable cuff and hem can fit our body well help\r\nblock out cold and chill. fleece lined hoodie provides\r\nyou with the strongest thermal warmth\r\nperformance\r\n\r\n_Occasion: Men hoodie is suitable to wear in\r\nspring, fall or winter. daily wear or outdoor activities", "price": 59000, "count": 1, "image": "products/IMG_0273_wh9vgd", "created_at": "2023-12-26T23:33:08.402Z"}}, {"model": "commerce.product", "pk": 11, "fields": {"product_name": "Tacvasen", "category": "unisex", "description": "_MATERIAL: This flannel hoodie shell crafted with\r\n100% cotton, Sleeves lining incloud Cozy and thick\r\nfleece keeps you warm and comfortable in cold\r\nweather.\r\n\r\n_Features: Jacket for men features full zip up design\r\nfor easy on-and-off, hooded design with adjustable\r\ndrawstring, sherpa lined hood for extra warmth.2\r\nside pockets and a breast pocket, fashion plaid\r\ndesign.\r\n\r\n_Occasion: Our men's zip hoodie sweatshirt, perfect\r\nin Spring, Fall, and Winter. Not only suitable for\r\ndailv wear but also casual, office, partv, school,\r\nsport, skiing, and skating. Great gifts for your friend,\r\nson, husband, and yourself.\r\n\r\n_Size: Elesuit flecee iacket for men were true to US\r\nsizing, a variety of sizes and colors for vou to\r\nchoose. You can choose according to your style and\r\nnormal size.\r\n\r\n_Elesuit Service: Anv other questions, please click on\r\nthe store (Elesuit) to contact us.We listen to\r\ncustomer feedback and fine-tune every detail to\r\nensure quality, fit, and comfort.", "price": 43000, "count": 1, "image": "products/IMG_0259_phguxr", "created_at": "2023-12-26T23:41:46.148Z"}}, {"model": "commerce.product", "pk": 12, "fields": {"product_name": "Urbanfind", "category": "unisex", "description": "_Features: regular wear, soft, comfortable and\r\nbreathable\r\n\r\n_Fashion and Stvlish: Stand collar, cuff and hem,\r\nZipper Closure, Long Sleeve, Zipper up slant hand\r\npocket\r\n\r\n_Suitable for: Casual, Outdoor, Daily, School,\r\nWorking, Camping, Sports, Athletics and so on\r\nSeason: Spring & Autumn\r\n\r\n_Machine Washing Available", "price": 32400, "count": 1, "image": "products/IMG_0215_jwdqsf", "created_at": "2023-12-26T23:43:57.409Z"}}, {"model": "commerce.cart", "pk": 304, "fields": {"product_name": "men Jacket-2", "category": "men", "description": "very cool comfotable jacket makes you look comfortable and cool", "price": 30000, "count": 12, "image": "https://res.cloudinary.com/sylar-codex/image/upload/v1/products/pexels-anj-namoro-2850487_jyfszz", "owner": null, "paid": true, "created_at": "2022-09-21T17:36:35.182Z"}}, {"model": "commerce.cart", "pk": 307, "fields": {"product_name": "men Jacket-3", "category": "men", "description": "the very nice outfit for your weather", "price": 20000, "count": 1, "image": "https://res.cloudinary.com/sylar-codex/image/upload/v1/products/pexels-anj-namoro-2850487_wua2s8", "owner": null, "paid": true, "created_at": "2022-09-22T10:42:32.088Z"}}, {"model": "commerce.cart", "pk": 309, "fields": {"product_name": "kids jacket-1", "category": "children", "description": "Great wear for your kids", "price": 20000, "count": 1, "image": "https://res.cloudinary.com/sylar-codex/image/upload/v1/products/pexels-anj-namoro-2850487_bjv4zm", "owner": null, "paid": true, "created_at": "2022-09-22T11:04:55.172Z"}}, {"model": "commerce.cart", "pk": 310, "fields": {"product_name": "men Jacket-3", "category": "men", "description": "the very nice outfit for your weather", "price": 20000, "count": 2, "image": "https://res.cloudinary.com/sylar-codex/image/upload/v1/products/pexels-anj-namoro-2850487_wua2s8", "owner": null, "paid": true, "created_at": "2022-09-22T11:06:33.251Z"}}, {"model": "commerce.cart", "pk": 311, "fields": {"product_name": "kids jacket-1", "category": "children", "description": "Great wear for your kids", "price": 20000, "count": 1, "image": "https://res.cloudinary.com/sylar-codex/image/upload/v1/products/pexels-anj-namoro-2850487_bjv4zm", "owner": null, "paid": true, "created_at": "2022-09-22T11:06:40.126Z"}}, {"model": "commerce.cart", "pk": 312, "fields": {"product_name": "kids jacket-1", "category": "children", "description": "Great wear for your kids", "price": 20000, "count": 2, "image": "https://res.cloudinary.com/sylar-codex/image/upload/v1/products/pexels-anj-namoro-2850487_bjv4zm", "owner": null, "paid": true, "created_at": "2022-09-22T11:18:39.789Z"}}, {"model": "commerce.cart", "pk": 316, "fields": {"product_name": "men Jacket-3", "category": "men", "description": "the very nice outfit for your weather", "price": 20000, "count": 2, "image": "https://res.cloudinary.com/sylar-codex/image/upload/v1/products/pexels-anj-namoro-2850487_wua2s8", "owner": null, "paid": false, "created_at": "2022-09-25T22:07:13.317Z"}}, {"model": "commerce.cart", "pk": 317, "fields": {"product_name": "men Jacket-2", "category": "men", "description": "very cool comfotable jacket makes you look comfortable and cool", "price": 30000, "count": 3, "image": "https://res.cloudinary.com/sylar-codex/image/upload/v1/products/pexels-anj-namoro-2850487_jyfszz", "owner": null, "paid": false, "created_at": "2022-09-26T16:15:14.772Z"}}, {"model": "commerce.cart", "pk": 318, "fields": {"product_name": "women jacket-1", "category": "women", "description": "elegant and comfortable for women", "price": 30000, "count": 1, "image": "https://res.cloudinary.com/sylar-codex/image/upload/v1/products/pexels-anj-namoro-2850487_dolbxy", "owner": null, "paid": false, "created_at": "2022-09-26T16:20:10.598Z"}}, {"model": "commerce.cart", "pk": 319, "fields": {"product_name": "women jacket-2", "category": "women", "description": "comfortable for women. wear with elegance", "price": 30000, "count": 1, "image": "https://res.cloudinary.com/sylar-codex/image/upload/v1/products/pexels-anj-namoro-2850487_dro9v5", "owner": null, "paid": false, "created_at": "2022-09-26T20:59:51.077Z"}}, {"model": "commerce.cart", "pk": 320, "fields": {"product_name": "women jacket-2", "category": "women", "description": "comfortable for women. wear with elegance", "price": 30000, "count": 1, "image": "https://res.cloudinary.com/sylar-codex/image/upload/v1/products/pexels-anj-namoro-2850487_dro9v5", "owner": null, "paid": false, "created_at": "2022-09-26T20:59:52.717Z"}}, {"model": "commerce.cart", "pk": 321, "fields": {"product_name": "men Jacket-3", "category": "men", "description": "the very nice outfit for your weather", "price": 20000, "count": 5, "image": "https://res.cloudinary.com/sylar-codex/image/upload/v1/products/pexels-anj-namoro-2850487_wua2s8", "owner": 9, "paid": true, "created_at": "2022-09-28T11:29:16.999Z"}}, {"model": "commerce.cart", "pk": 324, "fields": {"product_name": "men Jacket-2", "category": "men", "description": "very cool comfotable jacket makes you look comfortable and cool", "price": 30000, "count": 2, "image": "https://res.cloudinary.com/sylar-codex/image/upload/v1/products/pexels-anj-namoro-2850487_jyfszz", "owner": 9, "paid": true, "created_at": "2022-10-01T16:24:57.425Z"}}, {"model": "commerce.cart", "pk": 325, "fields": {"product_name": "men Jacket-3", "category": "men", "description": "the very nice outfit for your weather", "price": 20000, "count": 1, "image": "https://res.cloudinary.com/sylar-codex/image/upload/v1/products/pexels-anj-namoro-2850487_wua2s8", "owner": 9, "paid": true, "created_at": "2022-10-02T01:05:32.062Z"}}, {"model": "commerce.cart", "pk": 326, "fields": {"product_name": "men Jacket-3", "category": "men", "description": "the very nice outfit for your weather", "price": 20000, "count": 1, "image": "https://res.cloudinary.com/sylar-codex/image/upload/v1/products/pexels-anj-namoro-2850487_wua2s8", "owner": 9, "paid": true, "created_at": "2022-10-02T01:09:39.916Z"}}, {"model": "commerce.cart", "pk": 327, "fields": {"product_name": "kids jacket-1", "category": "children", "description": "Great wear for your kids", "price": 20000, "count": 1, "image": "https://res.cloudinary.com/sylar-codex/image/upload/v1/products/pexels-anj-namoro-2850487_bjv4zm", "owner": 9, "paid": true, "created_at": "2022-10-02T01:14:08.335Z"}}, {"model": "commerce.cart", "pk": 328, "fields": {"product_name": "women jacket-2", "category": "women", "description": "comfortable for women. wear with elegance", "price": 30000, "count": 3, "image": "https://res.cloudinary.com/sylar-codex/image/upload/v1/products/pexels-anj-namoro-2850487_dro9v5", "owner": 9, "paid": true, "created_at": "2022-10-03T09:06:09.647Z"}}, {"model": "commerce.cart", "pk": 329, "fields": {"product_name": "men Jacket-2", "category": "men", "description": "very cool comfotable jacket makes you look comfortable and cool", "price": 30000, "count": 2, "image": "https://res.cloudinary.com/sylar-codex/image/upload/v1/products/pexels-anj-namoro-2850487_jyfszz", "owner": 9, "paid": true, "created_at": "2022-10-03T09:06:30.482Z"}}, {"model": "commerce.cart", "pk": 330, "fields": {"product_name": "men Jacket-1", "category": "men", "description": "Good for wear", "price": 20000, "count": 3, "image": "https://res.cloudinary.com/sylar-codex/image/upload/v1/products/pexels-anj-namoro-2850487_qmdbhz", "owner": 9, "paid": true, "created_at": "2022-10-03T09:26:47.058Z"}}, {"model": "commerce.cart", "pk": 340, "fields": {"product_name": "women jacket-2", "category": "women", "description": "comfortable for women. wear with elegance", "price": 30000, "count": 3, "image": "https://res.cloudinary.com/sylar-codex/image/upload/v1/products/pexels-anj-namoro-2850487_dro9v5", "owner": 9, "paid": true, "created_at": "2022-10-04T18:19:37.604Z"}}, {"model": "commerce.cart", "pk": 341, "fields": {"product_name": "women jacket-1", "category": "women", "description": "elegant and comfortable for women", "price": 30000, "count": 1, "image": "https://res.cloudinary.com/sylar-codex/image/upload/v1/products/pexels-anj-namoro-2850487_dolbxy", "owner": 9, "paid": true, "created_at": "2022-10-04T18:19:58.522Z"}}, {"model": "commerce.cart", "pk": 342, "fields": {"product_name": "men Jacket-2", "category": "men", "description": "very cool comfotable jacket makes you look comfortable and cool", "price": 30000, "count": 1, "image": "https://res.cloudinary.com/sylar-codex/image/upload/v1/products/pexels-anj-namoro-2850487_jyfszz", "owner": 9, "paid": true, "created_at": "2022-10-04T18:23:27.141Z"}}, {"model": "commerce.cart", "pk": 356, "fields": {"product_name": "women jacket-2", "category": "women", "description": "comfortable for women. wear with elegance", "price": 30000, "count": 1, "image": "https://res.cloudinary.com/sylar-codex/image/upload/v1/products/pexels-anj-namoro-2850487_dro9v5", "owner": 13, "paid": true, "created_at": "2022-10-06T23:30:21.614Z"}}, {"model": "commerce.cart", "pk": 357, "fields": {"product_name": "women jacket-1", "category": "women", "description": "elegant and comfortable for women", "price": 30000, "count": 1, "image": "https://res.cloudinary.com/sylar-codex/image/upload/v1/products/pexels-anj-namoro-2850487_dolbxy", "owner": 13, "paid": true, "created_at": "2022-10-06T23:31:28.738Z"}}, {"model": "commerce.cart", "pk": 358, "fields": {"product_name": "men Jacket-1", "category": "men", "description": "Good for wear", "price": 20000, "count": 3, "image": "https://res.cloudinary.com/sylar-codex/image/upload/v1/products/pexels-anj-namoro-2850487_qmdbhz", "owner": 9, "paid": true, "created_at": "2022-10-07T15:24:23.470Z"}}, {"model": "commerce.cart", "pk": 359, "fields": {"product_name": "women jacket-2", "category": "women", "description": "comfortable for women. wear with elegance", "price": 30000, "count": 3, "image": "https://res.cloudinary.com/sylar-codex/image/upload/v1/products/pexels-anj-namoro-2850487_dro9v5", "owner": 9, "paid": true, "created_at": "2022-10-07T15:26:16.247Z"}}, {"model": "commerce.cart", "pk": 360, "fields": {"product_name": "women jacket-1", "category": "women", "description": "elegant and comfortable for women", "price": 30000, "count": 1, "image": "https://res.cloudinary.com/sylar-codex/image/upload/v1/products/pexels-anj-namoro-2850487_dolbxy", "owner": 9, "paid": true, "created_at": "2022-10-07T15:31:00.331Z"}}, {"model": "commerce.cart", "pk": 361, "fields": {"product_name": "men Jacket-3", "category": "men", "description": "the very nice outfit for your weather", "price": 20000, "count": 1, "image": "https://res.cloudinary.com/sylar-codex/image/upload/v1/products/pexels-anj-namoro-2850487_wua2s8", "owner": 9, "paid": true, "created_at": "2022-10-23T06:23:14.563Z"}}, {"model": "commerce.cart", "pk": 362, "fields": {"product_name": "men Jacket-2", "category": "men", "description": "very cool comfotable jacket makes you look comfortable and cool", "price": 30000, "count": 1, "image": "https://res.cloudinary.com/sylar-codex/image/upload/v1/products/pexels-anj-namoro-2850487_jyfszz", "owner": 9, "paid": true, "created_at": "2022-10-23T06:25:39.275Z"}}, {"model": "commerce.cart", "pk": 363, "fields": {"product_name": "women jacket-2", "category": "women", "description": "comfortable for women. wear with elegance", "price": 30000, "count": 1, "image": "https://res.cloudinary.com/sylar-codex/image/upload/v1/products/pexels-anj-namoro-2850487_dro9v5", "owner": 9, "paid": true, "created_at": "2022-10-23T22:27:29.543Z"}}, {"model": "commerce.cart", "pk": 379, "fields": {"product_name": "men Jacket-2", "category": "men", "description": "very cool comfotable jacket makes you look comfortable and cool", "price": 30000, "count": 8, "image": "https://res.cloudinary.com/sylar-codex/image/upload/v1/products/pexels-anj-namoro-2850487_jyfszz", "owner": 14, "paid": false, "created_at": "2023-11-10T17:24:21.708Z"}}, {"model": "commerce.cart", "pk": 380, "fields": {"product_name": "women jacket-1", "category": "women", "description": "elegant and comfortable for women", "price": 30000, "count": 10, "image": "https://res.cloudinary.com/sylar-codex/image/upload/v1/products/pexels-anj-namoro-2850487_dolbxy", "owner": 14, "paid": false, "created_at": "2023-11-10T17:26:01.916Z"}}, {"model": "commerce.cart", "pk": 381, "fields": {"product_name": "kids jacket-1", "category": "children", "description": "Great wear for your kids", "price": 20000, "count": 3, "image": "https://res.cloudinary.com/sylar-codex/image/upload/v1/products/pexels-anj-namoro-2850487_bjv4zm", "owner": 14, "paid": false, "created_at": "2023-11-10T17:48:49.379Z"}}, {"model": "commerce.cart", "pk": 382, "fields": {"product_name": "women jacket-2", "category": "women", "description": "comfortable for women. wear with elegance", "price": 30000, "count": 1, "image": "https://res.cloudinary.com/sylar-codex/image/upload/v1/products/pexels-anj-namoro-2850487_dro9v5", "owner": 14, "paid": false, "created_at": "2023-11-10T17:52:29.442Z"}}, {"model": "commerce.cart", "pk": 388, "fields": {"product_name": "Crysully", "category": "men", "description": "Material: 95% Cotton & 5% spandex, sherpa lined\r\nhoodie jacket keeps you warm enough\r\n\r\nDesign: The mens hoodies with drawstring hood and\r\nwide ribbed hem and cuffs to lock in warmth.\r\n\r\nFeature:Full zip up and two side pockets of this\r\nrunning jacket coat make it convenient to store\r\nsmall items and keep hands warm.\r\n\r\nAll-match: This zip hoodie can take a T-shirt or\r\nknitted sweater, match with sweatpants, jeans,\r\ncasual pants.\r\n\r\nOccasion: The winter fleece jacket is great for work,\r\nschool, vacation or outdoor leisure running,", "price": 20000, "count": 2, "image": "https://res.cloudinary.com/sylar-codex/image/upload/v1/products/IMG_0241_raleqh", "owner": 9, "paid": true, "created_at": "2023-12-26T17:12:53.675Z"}}, {"model": "commerce.cart", "pk": 389, "fields": {"product_name": "Rapoo", "category": "unisex", "description": "-Warm & Durable Snow Jacket: The outer shell fabric\r\nis tough and resistant to wear, while the inner soft\r\nfleece lining will keep you warm and comfortable\r\nduring the cold winter. The stitching is reinforced\r\nand solid, so it will last for years.\r\n\r\n-Waterproof & Quick Dry Winter Coats for Men: Our\r\nwinter jacket with a professional water repellent\r\ncoating and has a waterproof level of 10000mm.\r\nThe zippers are also waterproof, so you don't have\r\nto worry about getting wet while skiing,\r\nsnowboarding, or in rainy weather.\r\n\r\n-Details: 1.Adjustable velcro cuffs help seal in\r\nwarmth; 2.Detachable storm hood with adjustable\r\ndrawstring, velcro, stand collar, and full zipper\r\nclosure,all the well-designs keep out the wind\r\neffectively; 3.Wear resisting soft shell is highly wind\r\nresistance and warmth.\r\n\r\n-Multi Pockets: 2 zippered hand pockets, 1 zippered\r\nchest pocket, 1 internal secure pocket suitable for\r\nphone wallet, passport and other accessories.\r\n\r\n-Occasions: An essential and relaxed fit outdoor &\r\ntravelling insulated jacket,ideal outfits for Downhill\r\nSkiing, Snowboarding, Snow Sports,\r\nHiking,Mountaineering, Camping, Rock\r\nClimbing, Cycling and other winter outdoor activities.", "price": 40000, "count": 2, "image": "https://res.cloudinary.com/sylar-codex/image/upload/v1/products/IMG_0235_d9befc", "owner": 9, "paid": true, "created_at": "2023-12-26T23:47:11.956Z"}}, {"model": "commerce.cart", "pk": 403, "fields": {"product_name": "Elesuit", "category": "men", "description": "_MATERIAL: This flannel hoodie shell crafted with\r\n100% cotton, Sleeves lining incloud Cozy and thick\r\nfleece keeps you warm and comfortable in cold\r\nweather.\r\n\r\n_Features: Jacket for men features full zip up design\r\nfor easy on-and-off, hooded design with adjustable\r\ndrawstring, sherpa lined hood for extra warmth.2\r\nside pockets and a breast pocket, fashion plaid\r\ndesign.\r\n\r\n_Occasion: Our men's zip hoodie sweatshirt, perfect\r\nin Spring, Fall, and Winter. Not only suitable for\r\ndailv wear but also casual, office, partv, school,\r\nsport, skiing, and skating. Great gifts for your friend,\r\nson, husband, and yourself.\r\n\r\n_Size: Elesuit flecee iacket for men were true to US\r\nsizing, a variety of sizes and colors for you to\r\nchoose. You can choose according to your style and\r\nnormal size.\r\n\r\n_Elesuit Service: Any other questions, please click on\r\nthe store (Elesuit) to contact us. We listen to\r\ncustomer feedback and fine-tune every detail to\r\nensure qualitv, fit. and comfort", "price": 30000, "count": 3, "image": "https://res.cloudinary.com/sylar-codex/image/upload/v1/products/IMG_0283_pdpwmp", "owner": 9, "paid": false, "created_at": "2023-12-30T00:53:21.424Z"}}, {"model": "commerce.cart", "pk": 409, "fields": {"product_name": "Fabugi", "category": "unisex", "description": "_MULTI-POCKETS: Two chest flap pockets with snap\r\nclosures, two side pockets qood enough for storing\r\nessentials.\r\n\r\n_QUALITY MATERIAL: This hooded Jacket shell is\r\nmade of 100% cotton fabric, soft, warm and\r\ndurable. body lining and hood lining with ultra soft\r\nwarm fleece, warm. comfortable and durable, non-\r\npilling and non-shedding. black quilted padding in\r\nthe sleeves to be comfortable all day long.\r\n\r\n_DESIGN: The Snap buttons design makes this fleece\r\nlined flannel hooded windbreaker jacket easy to put\r\non and off at the end of your long day. Drawstring\r\nhood and adjustable snap cuffs make the jacket\r\nwindproof and thermal\r\n\r\n_SUITABLE FOR: The warm iacket is a good for work\r\nin winter, perfect for dailv wear, outdoor casual.\r\ntravelling, camping, golf, hiking and other outdoor\r\nactivities, Keep vou fashion and comfortable in cold\r\nwinter\r\n\r\n_BUILT TO LAST: Detail is what sets our apparel apart\r\nfrom others. We use onlv the highest quality\r\nmaterials, expert craftsmanship, and durable\r\nstitchin. we listen to customer feedback and fine.\r\ntune every detail to ensure qualitv, fit, and comfort.", "price": 30000, "count": 6, "image": "https://res.cloudinary.com/sylar-codex/image/upload/v1/products/IMG_0289_ou0bgb", "owner": 10, "paid": true, "created_at": "2024-01-06T18:10:17.509Z"}}, {"model": "commerce.cart", "pk": 413, "fields": {"product_name": "Crysully", "category": "men", "description": "_Material: 95% Cotton & 5% spandex, sherpa lined\r\nhoodie jacket keeps you warm enough\r\n\r\n_Design: The mens hoodies with drawstring hood and\r\nwide ribbed hem and cuffs to lock in warmth.\r\n\r\n_Feature:Full zip up and two side pockets of this\r\nrunning jacket coat make it convenient to store\r\nsmall items and keep hands warm.\r\n\r\n_All-match: This zip hoodie can take a T-shirt or\r\nknitted sweater, match with sweatpants, jeans,\r\ncasual pants.\r\n\r\n_Occasion: The winter fleece jacket is great for work,\r\nschool, vacation or outdoor leisure running,", "price": 20000, "count": 1, "image": "https://res.cloudinary.com/sylar-codex/image/upload/v1/products/IMG_0241_raleqh", "owner": 10, "paid": true, "created_at": "2024-01-06T18:11:40.291Z"}}, {"model": "commerce.cart", "pk": 414, "fields": {"product_name": "Gimecen", "category": "men", "description": "_SOFT FABRIC: This polar fleece iacket is crafted of\r\nultra-soft 100% polyester microfleece for the\r\nperfect amount of Comfort.\r\n\r\n_ULTIMATE COMFORT: With a stand collar style\r\ndesignand full zippered closure, you'll maintain a\r\nfull range of motion with this lightweight soft fleece\r\niacket.\r\n\r\n_VERSATILITY: Soft and warm, the microfleece\r\nmaterial is the perfect outer or extra mid layer\r\nwarmth for various occasions, it is the perfect laver\r\nfor evervdav casual wear and outdoor sports.\r\n\r\n_CLASSIC FIT: A modern classic fit and with a soft.\r\nlightweight feel and two zippered hand pockets\r\nmake this fleece iacket a staple for comfortable\r\noutdoor activity.\r\n\r\n_DURABILITY: Gimecen's attention to detail is what\r\nsets our apparel apart. Specifying only the highest\r\nquality materials, expert stitching and\r\ncraftsmanship. This is a lonq-lasting qarment you\r\nwill eniov for seasons to come", "price": 30000, "count": 1, "image": "https://res.cloudinary.com/sylar-codex/image/upload/v1/products/IMG_0207_lta1ia", "owner": 10, "paid": true, "created_at": "2024-01-09T07:36:23.503Z"}}, {"model": "commerce.cart", "pk": 415, "fields": {"product_name": "Gimecen", "category": "men", "description": "_SOFT FABRIC: This polar fleece iacket is crafted of\r\nultra-soft 100% polyester microfleece for the\r\nperfect amount of Comfort.\r\n\r\n_ULTIMATE COMFORT: With a stand collar style\r\ndesignand full zippered closure, you'll maintain a\r\nfull range of motion with this lightweight soft fleece\r\niacket.\r\n\r\n_VERSATILITY: Soft and warm, the microfleece\r\nmaterial is the perfect outer or extra mid layer\r\nwarmth for various occasions, it is the perfect laver\r\nfor evervdav casual wear and outdoor sports.\r\n\r\n_CLASSIC FIT: A modern classic fit and with a soft.\r\nlightweight feel and two zippered hand pockets\r\nmake this fleece iacket a staple for comfortable\r\noutdoor activity.\r\n\r\n_DURABILITY: Gimecen's attention to detail is what\r\nsets our apparel apart. Specifying only the highest\r\nquality materials, expert stitching and\r\ncraftsmanship. This is a lonq-lasting qarment you\r\nwill eniov for seasons to come", "price": 30000, "count": 1, "image": "https://res.cloudinary.com/sylar-codex/image/upload/v1/products/IMG_0207_lta1ia", "owner": 10, "paid": true, "created_at": "2024-01-09T17:58:55.090Z"}}, {"model": "commerce.cart", "pk": 416, "fields": {"product_name": "Elesuit", "category": "men", "description": "_MATERIAL: This flannel hoodie shell crafted with\r\n100% cotton, Sleeves lining incloud Cozy and thick\r\nfleece keeps you warm and comfortable in cold\r\nweather.\r\n\r\n_Features: Jacket for men features full zip up design\r\nfor easy on-and-off, hooded design with adjustable\r\ndrawstring, sherpa lined hood for extra warmth.2\r\nside pockets and a breast pocket, fashion plaid\r\ndesign.\r\n\r\n_Occasion: Our men's zip hoodie sweatshirt, perfect\r\nin Spring, Fall, and Winter. Not only suitable for\r\ndailv wear but also casual, office, partv, school,\r\nsport, skiing, and skating. Great gifts for your friend,\r\nson, husband, and yourself.\r\n\r\n_Size: Elesuit flecee iacket for men were true to US\r\nsizing, a variety of sizes and colors for you to\r\nchoose. You can choose according to your style and\r\nnormal size.\r\n\r\n_Elesuit Service: Any other questions, please click on\r\nthe store (Elesuit) to contact us. We listen to\r\ncustomer feedback and fine-tune every detail to\r\nensure qualitv, fit. and comfort", "price": 30000, "count": 1, "image": "https://res.cloudinary.com/sylar-codex/image/upload/v1/products/IMG_0283_pdpwmp", "owner": 10, "paid": true, "created_at": "2024-01-09T17:58:57.585Z"}}, {"model": "commerce.cart", "pk": 417, "fields": {"product_name": "Crysully", "category": "men", "description": "_Material: 95% Cotton & 5% spandex, sherpa lined\r\nhoodie jacket keeps you warm enough\r\n\r\n_Design: The mens hoodies with drawstring hood and\r\nwide ribbed hem and cuffs to lock in warmth.\r\n\r\n_Feature:Full zip up and two side pockets of this\r\nrunning jacket coat make it convenient to store\r\nsmall items and keep hands warm.\r\n\r\n_All-match: This zip hoodie can take a T-shirt or\r\nknitted sweater, match with sweatpants, jeans,\r\ncasual pants.\r\n\r\n_Occasion: The winter fleece jacket is great for work,\r\nschool, vacation or outdoor leisure running,", "price": 20000, "count": 1, "image": "https://res.cloudinary.com/sylar-codex/image/upload/v1/products/IMG_0241_raleqh", "owner": 10, "paid": true, "created_at": "2024-01-09T18:01:03.576Z"}}, {"model": "commerce.cart", "pk": 418, "fields": {"product_name": "Crysully", "category": "men", "description": "_Material: 95% Cotton & 5% spandex, sherpa lined\r\nhoodie jacket keeps you warm enough\r\n\r\n_Design: The mens hoodies with drawstring hood and\r\nwide ribbed hem and cuffs to lock in warmth.\r\n\r\n_Feature:Full zip up and two side pockets of this\r\nrunning jacket coat make it convenient to store\r\nsmall items and keep hands warm.\r\n\r\n_All-match: This zip hoodie can take a T-shirt or\r\nknitted sweater, match with sweatpants, jeans,\r\ncasual pants.\r\n\r\n_Occasion: The winter fleece jacket is great for work,\r\nschool, vacation or outdoor leisure running,", "price": 20000, "count": 1, "image": "https://res.cloudinary.com/sylar-codex/image/upload/v1/products/IMG_0241_raleqh", "owner": 10, "paid": true, "created_at": "2024-01-09T18:02:54.945Z"}}, {"model": "commerce.cart", "pk": 419, "fields": {"product_name": "Elesuit", "category": "men", "description": "_MATERIAL: This flannel hoodie shell crafted with\r\n100% cotton, Sleeves lining incloud Cozy and thick\r\nfleece keeps you warm and comfortable in cold\r\nweather.\r\n\r\n_Features: Jacket for men features full zip up design\r\nfor easy on-and-off, hooded design with adjustable\r\ndrawstring, sherpa lined hood for extra warmth.2\r\nside pockets and a breast pocket, fashion plaid\r\ndesign.\r\n\r\n_Occasion: Our men's zip hoodie sweatshirt, perfect\r\nin Spring, Fall, and Winter. Not only suitable for\r\ndailv wear but also casual, office, partv, school,\r\nsport, skiing, and skating. Great gifts for your friend,\r\nson, husband, and yourself.\r\n\r\n_Size: Elesuit flecee iacket for men were true to US\r\nsizing, a variety of sizes and colors for you to\r\nchoose. You can choose according to your style and\r\nnormal size.\r\n\r\n_Elesuit Service: Any other questions, please click on\r\nthe store (Elesuit) to contact us. We listen to\r\ncustomer feedback and fine-tune every detail to\r\nensure qualitv, fit. and comfort", "price": 30000, "count": 1, "image": "https://res.cloudinary.com/sylar-codex/image/upload/v1/products/IMG_0283_pdpwmp", "owner": 10, "paid": true, "created_at": "2024-01-09T18:02:58.290Z"}}, {"model": "commerce.cart", "pk": 420, "fields": {"product_name": "Urbanfind", "category": "unisex", "description": "_Features: regular wear, soft, comfortable and\r\nbreathable\r\n\r\n_Fashion and Stvlish: Stand collar, cuff and hem,\r\nZipper Closure, Long Sleeve, Zipper up slant hand\r\npocket\r\n\r\n_Suitable for: Casual, Outdoor, Daily, School,\r\nWorking, Camping, Sports, Athletics and so on\r\nSeason: Spring & Autumn\r\n\r\n_Machine Washing Available", "price": 32400, "count": 1, "image": "https://res.cloudinary.com/sylar-codex/image/upload/v1/products/IMG_0215_jwdqsf", "owner": 10, "paid": true, "created_at": "2024-01-09T18:10:13.468Z"}}, {"model": "commerce.cart", "pk": 421, "fields": {"product_name": "Urbanfind", "category": "unisex", "description": "_Features: regular wear, soft, comfortable and\r\nbreathable\r\n\r\n_Fashion and Stvlish: Stand collar, cuff and hem,\r\nZipper Closure, Long Sleeve, Zipper up slant hand\r\npocket\r\n\r\n_Suitable for: Casual, Outdoor, Daily, School,\r\nWorking, Camping, Sports, Athletics and so on\r\nSeason: Spring & Autumn\r\n\r\n_Machine Washing Available", "price": 32400, "count": 1, "image": "https://res.cloudinary.com/sylar-codex/image/upload/v1/products/IMG_0215_jwdqsf", "owner": 10, "paid": false, "created_at": "2024-01-09T18:11:07.814Z"}}, {"model": "commerce.cart", "pk": 422, "fields": {"product_name": "Sovtemp", "category": "unisex", "description": "_Fleece Hoodie Coat: High-quality shell fabric with\r\nsoft and comfortable thickening fleece lining, keep\r\nyou comfy and warm in cold weather.\r\n\r\n_Full Zip Hoodie: Full zipper jacket for men design,\r\nhooded with drawstring, hand-warmer front\r\npockets, easy to take and off.\r\n\r\n_Men Thick Sweatshirt: Ribbed hem and cuffs could\r\nlock the warmth in winter and cold wind. Excellent\r\nworkmanship ensure the durability.\r\n\r\n_Occasion: The mens zip up hoodies perfect for daily\r\nlife,work, driving,school, dating, travel, walking, trip,hol\r\niday,sports,vacation etc.\r\n\r\n_Tips: Normal temperature washing.Wash dark color\r\nseparately. We are committed to provide everv\r\ncustomer the most satisfactorv after-sales service.\r\nPlease choose the size that suits you according to\r\nour size chart.", "price": 28500, "count": 1, "image": "https://res.cloudinary.com/sylar-codex/image/upload/v1/products/IMG_0278_ryjfnj", "owner": 10, "paid": false, "created_at": "2024-01-09T18:11:12.070Z"}}, {"model": "commerce.billingform", "pk": 1, "fields": {"full_name": "Iduh Victor", "email": "vv@g.com", "home_address": "34, Jibola street", "city": "Ayobo", "state": "Lagos", "country": "Nigeria", "phone": "378823383"}}, {"model": "commerce.billingform", "pk": 2, "fields": {"full_name": "Iduh Victor", "email": "vv@g.com", "home_address": "34, Jibola street", "city": "Ayobo", "state": "Lagos", "country": "Nigeria", "phone": "378823383"}}, {"model": "commerce.billingform", "pk": 3, "fields": {"full_name": "Iduh Victor", "email": "vv@g.com", "home_address": "34, Jibola street", "city": "Ayobo", "state": "Lagos", "country": "Nigeria", "phone": "378823383"}}, {"model": "commerce.billingform", "pk": 4, "fields": {"full_name": "lorde Grealish", "email": "admin@gmail.com", "home_address": "3 mercury space", "city": "mars", "state": "Lagos", "country": "Nigeria", "phone": "08066787687"}}, {"model": "commerce.billingform", "pk": 5, "fields": {"full_name": "lorde Grealish", "email": "v@django.com", "home_address": "3 mercury space", "city": "mars", "state": "lagos", "country": "Nigeria", "phone": "08066787687"}}, {"model": "commerce.billingform", "pk": 6, "fields": {"full_name": "lorde Grealish", "email": "v@django.com", "home_address": "3 mercury space", "city": "mars", "state": "lagos", "country": "Nigeria", "phone": "08066787687"}}, {"model": "commerce.billingform", "pk": 7, "fields": {"full_name": "lorde Grealish", "email": "v@django.com", "home_address": "3 mercury space", "city": "mars", "state": "lagos", "country": "nigeria", "phone": "08066787687"}}, {"model": "commerce.billingform", "pk": 8, "fields": {"full_name": "lorde Grealish", "email": "v@django.com", "home_address": "3 mercury space", "city": "mars", "state": "Lagos", "country": "Nigeria", "phone": "08066787687"}}, {"model": "commerce.billingform", "pk": 9, "fields": {"full_name": "lorde Grealish", "email": "v@django.com", "home_address": "3 mercury space", "city": "mars", "state": "Lagos", "country": "Nigeria", "phone": "08066787687"}}, {"model": "commerce.billingform", "pk": 10, "fields": {"full_name": "lorde Grealish", "email": "v@django.com", "home_address": "3 mercury space", "city": "mars", "state": "Lagos", "country": "Nigeria", "phone": "08066787687"}}, {"model": "commerce.billingform", "pk": 11, "fields": {"full_name": "lorde Grealish", "email": "bast@gmail.com", "home_address": "3 mercury space", "city": "mars", "state": "NA", "country": "Lagos", "phone": "08066787687"}}, {"model": "commerce.billingform", "pk": 12, "fields": {"full_name": "lorde Grealish", "email": "v@django.com", "home_address": "3 mercury space", "city": "mars", "state": "NA", "country": "ww", "phone": "08066787687"}}, {"model": "commerce.billingform", "pk": 13, "fields": {"full_name": "lorde Grealish", "email": "v@django.com", "home_address": "3 mercury space", "city": "mars", "state": "NA", "country": "ww", "phone": "08066787687"}}, {"model": "commerce.billingform", "pk": 14, "fields": {"full_name": "Simon Peters", "email": "v@django.com", "home_address": "Ayobo", "city": "Lagos", "state": "Lagos", "country": "Nigeria", "phone": "081802345784"}}, {"model": "commerce.billingform", "pk": 15, "fields": {"full_name": "Simon Peters", "email": "v@django.com", "home_address": "3 mercury space", "city": "mars", "state": "Lagos", "country": "Nigeria", "phone": "08066787687"}}, {"model": "commerce.billingform", "pk": 16, "fields": {"full_name": "Simon Peters", "email": "v@django.com", "home_address": "3 mercury space", "city": "mars", "state": "lagos", "country": "Nigeria", "phone": "08066787687"}}, {"model": "commerce.billingform", "pk": 17, "fields": {"full_name": "Simon Peters", "email": "v@django.com", "home_address": "3 mercury space", "city": "mars", "state": "Lagos", "country": "Nigeria", "phone": "08066787687"}}, {"model": "commerce.billingform", "pk": 18, "fields": {"full_name": "Sylar Yadi", "email": "sylaryadi@gmail.com", "home_address": "3 mercury space", "city": "Lagos", "state": "Lagos", "country": "Nigeria", "phone": "08066787687"}}, {"model": "commerce.billingform", "pk": 19, "fields": {"full_name": "Sylar Yadi", "email": "sylaryadi@gmail.com", "home_address": "3 mercury space", "city": "Lagos", "state": "Lagos", "country": "Nigeria", "phone": "08066787687"}}, {"model": "commerce.billingform", "pk": 20, "fields": {"full_name": "Sylar Yadi", "email": "sylaryadi@gmail.com", "home_address": "3 mercury space", "city": "Lagos", "state": "Lagos", "country": "Nigeria", "phone": "08066787687"}}, {"model": "commerce.billingform", "pk": 21, "fields": {"full_name": "Sylar Yadi", "email": "sylaryadi@gmail.com", "home_address": "3 mercury space", "city": "Lagos", "state": "Lagos", "country": "Nigeria", "phone": "08066787687"}}, {"model": "knox.authtoken", "pk": "21e109b5dc1a1ffac32d07146b88454908fbf9a96f679f6105300e11e74d76fd140014ed29da233b3a768bd1d5f08729a189b4863351d06b8645ecbd59b2b4b9", "fields": {"token_key": "1c49c30c", "user": 7, "created": "2022-09-25T15:35:37.241Z", "expiry": "2022-09-26T01:35:37.240Z"}}, {"model": "knox.authtoken", "pk": "60939a101bcd99bd99d4134f876ea95208fd830fec10aaa02c5475854cba77a0d4d1b16e70f530c1cb11608b0cc50253d84abde155a4404e0eb51f88ba10cd4a", "fields": {"token_key": "6ed4d618", "user": 3, "created": "2022-09-23T16:24:06.565Z", "expiry": "2022-09-24T02:24:06.565Z"}}, {"model": "knox.authtoken", "pk": "78305733142dbcec926a84caac3cb6412b6584c1a06b44cc6c8aa6ffa8f06a3f3f7dd2b51b3e7aafa6eb2d3aad0541f340ef7700fde70931bb9d2a94f45b2a49", "fields": {"token_key": "d633d260", "user": 10, "created": "2024-01-09T17:58:50.506Z", "expiry": "2024-01-10T03:58:50.505Z"}}, {"model": "knox.authtoken", "pk": "7f67768d14a4e107f2f09cd343fac75b57d6aac680c565074186a5ff818931b0ae46761f4e4f48496e05e1feb18f2efeb02dea578953df9f788a19fcd8cbed0e", "fields": {"token_key": "4a5f0bd0", "user": 6, "created": "2022-09-23T16:58:05.615Z", "expiry": "2022-09-24T02:58:05.615Z"}}, {"model": "knox.authtoken", "pk": "805dc39ebb72c6dc020d441ab5d7ea758783d1ce53d05b09616ae5d386fdbcd4562d54a312a6acd74d70611697a9103002edeb9d9e05f6df41dc5a21b4e0d804", "fields": {"token_key": "e78f53c0", "user": 11, "created": "2022-09-29T09:09:37.173Z", "expiry": "2022-09-29T19:09:37.172Z"}}, {"model": "knox.authtoken", "pk": "809b3f0fc94c65ebf2eab846ce79b4fc2c5a2b1b28b9451e7658b5cf214fa1b85e5d6c957420034f190f4c4cd8caca8548700552f0d53cafdc92ed1fe9de6ce6", "fields": {"token_key": "ad00ec8d", "user": 6, "created": "2022-09-23T16:50:41.570Z", "expiry": "2022-09-24T02:50:41.569Z"}}, {"model": "knox.authtoken", "pk": "85f2c68c3dda393636b7278fe77c071dfd3f20f672095d00170fe8e27bc421db58c96784be6e452c11f152d587100f10c668bec522502a1696b5184166fdf48f", "fields": {"token_key": "6a389ce6", "user": 8, "created": "2022-09-25T15:45:41.254Z", "expiry": "2022-09-26T01:45:41.253Z"}}, {"model": "knox.authtoken", "pk": "bf299f41af196631334a7f79dd93019faa15176788285947f704c5f2c1355679c3a09293ce90b4ba315d2a35915a2d2ed376ba8ec239d72ecb846eed48ccd906", "fields": {"token_key": "2c421854", "user": 6, "created": "2022-09-23T16:43:22.495Z", "expiry": "2022-09-24T02:43:22.494Z"}}, {"model": "knox.authtoken", "pk": "cf0809e27a61fdc840d32ab8d0572e42c01cbc8692b0c11108abdba0708063bff4718bef3639a89869b81039cbbaf970f1d4e61b58b7748fa41dc632bd170ad0", "fields": {"token_key": "93d49802", "user": 4, "created": "2022-09-23T16:26:37.998Z", "expiry": "2022-09-24T02:26:37.998Z"}}, {"model": "knox.authtoken", "pk": "d287e296926f67692ed98d1cf62ede21a5128898ff7af136a267901b638e9328345fac910c42ae78f528d887121c6f34a722147fdff17271abe44808f4c7c96b", "fields": {"token_key": "d5448954", "user": 5, "created": "2022-09-23T16:28:08.051Z", "expiry": "2022-09-24T02:28:08.051Z"}}, {"model": "knox.authtoken", "pk": "ed7fa7506edbb6a1d6a8e3aa955875bd71a5ed9cd7bce6122b96e4a60d77b4d0fa43f67ae8f07955ede05d40ff910f81634fcf03e430f57ac9b83f4cec840124", "fields": {"token_key": "7c8178bd", "user": 10, "created": "2024-01-09T19:25:54.641Z", "expiry": "2024-01-10T05:25:54.641Z"}}, {"model": "knox.authtoken", "pk": "f69b75667d490c3f50eab23e385a5ebada369ba12ccf16638c719faf7ee1a49a3dc650a166a4bee90048a6a0bc26b7828484b047495aef047a6aa6310c25cc18", "fields": {"token_key": "a7513be7", "user": 6, "created": "2022-09-23T16:45:44.262Z", "expiry": "2022-09-24T02:45:44.262Z"}}, {"model": "wallet.wallet", "pk": 1, "fields": {"user": 11, "currency": "NGN", "created_at": "2022-09-29T09:27:41.177Z"}}, {"model": "wallet.wallet", "pk": 2, "fields": {"user": 10, "currency": "NGN", "created_at": "2022-09-29T16:57:02.253Z"}}, {"model": "wallet.wallet", "pk": 3, "fields": {"user": 9, "currency": "NGN", "created_at": "2022-10-01T16:50:46.872Z"}}, {"model": "wallet.wallet", "pk": 4, "fields": {"user": 13, "currency": "NGN", "created_at": "2022-10-06T23:31:44.997Z"}}, {"model": "wallet.wallettransaction", "pk": 1, "fields": {"wallet": 1, "transaction_type": "deposits", "amount": "1000.00", "timestamp": "2022-09-29T09:33:33.533Z", "status": "pending", "paystack_payment_ref": "gjpiaho1ef"}}, {"model": "wallet.wallettransaction", "pk": 2, "fields": {"wallet": 2, "transaction_type": "deposits", "amount": "1200.00", "timestamp": "2022-09-29T16:57:03.019Z", "status": "success", "paystack_payment_ref": "p956mzp6ge"}}, {"model": "wallet.wallettransaction", "pk": 3, "fields": {"wallet": 3, "transaction_type": "deposits", "amount": "16150000.00", "timestamp": "2022-10-01T16:50:47.613Z", "status": "pending", "paystack_payment_ref": "lvy3ixtyzh"}}, {"model": "wallet.wallettransaction", "pk": 4, "fields": {"wallet": 3, "transaction_type": "deposits", "amount": "16150000.00", "timestamp": "2022-10-01T17:01:57.387Z", "status": "pending", "paystack_payment_ref": "wfzb2wtte8"}}, {"model": "wallet.wallettransaction", "pk": 5, "fields": {"wallet": 3, "transaction_type": "deposits", "amount": "16150000.00", "timestamp": "2022-10-01T17:02:37.536Z", "status": "pending", "paystack_payment_ref": "6sa274b9wk"}}, {"model": "wallet.wallettransaction", "pk": 6, "fields": {"wallet": 3, "transaction_type": "deposits", "amount": "16150000.00", "timestamp": "2022-10-01T17:03:14.219Z", "status": "pending", "paystack_payment_ref": "fozmazwu0r"}}, {"model": "wallet.wallettransaction", "pk": 7, "fields": {"wallet": 3, "transaction_type": "deposits", "amount": "16150000.00", "timestamp": "2022-10-01T17:06:02.166Z", "status": "pending", "paystack_payment_ref": "ouhkih1o7j"}}, {"model": "wallet.wallettransaction", "pk": 8, "fields": {"wallet": 3, "transaction_type": "deposits", "amount": "16150000.00", "timestamp": "2022-10-01T17:08:32.917Z", "status": "pending", "paystack_payment_ref": "t6nvv7o4db"}}, {"model": "wallet.wallettransaction", "pk": 9, "fields": {"wallet": 3, "transaction_type": "deposits", "amount": "16150000.00", "timestamp": "2022-10-01T17:13:20.935Z", "status": "pending", "paystack_payment_ref": "by6czbtmrr"}}, {"model": "wallet.wallettransaction", "pk": 10, "fields": {"wallet": 3, "transaction_type": "deposits", "amount": "16150000.00", "timestamp": "2022-10-01T17:14:28.569Z", "status": "pending", "paystack_payment_ref": "1ti4f5lpe1"}}, {"model": "wallet.wallettransaction", "pk": 11, "fields": {"wallet": 3, "transaction_type": "deposits", "amount": "16150000.00", "timestamp": "2022-10-01T17:15:21.067Z", "status": "pending", "paystack_payment_ref": "6ks1u1de8j"}}, {"model": "wallet.wallettransaction", "pk": 12, "fields": {"wallet": 3, "transaction_type": "deposits", "amount": "16150000.00", "timestamp": "2022-10-01T17:15:55.233Z", "status": "pending", "paystack_payment_ref": "0ixvr4np0h"}}, {"model": "wallet.wallettransaction", "pk": 13, "fields": {"wallet": 3, "transaction_type": "deposits", "amount": "16150000.00", "timestamp": "2022-10-01T17:19:22.623Z", "status": "pending", "paystack_payment_ref": "wgiamuzsrc"}}, {"model": "wallet.wallettransaction", "pk": 14, "fields": {"wallet": 3, "transaction_type": "deposits", "amount": "16150000.00", "timestamp": "2022-10-01T23:51:00.811Z", "status": "pending", "paystack_payment_ref": "9k40uws1pq"}}, {"model": "wallet.wallettransaction", "pk": 15, "fields": {"wallet": 3, "transaction_type": "deposits", "amount": "16150000.00", "timestamp": "2022-10-01T23:52:00.047Z", "status": "pending", "paystack_payment_ref": "v57munvv9k"}}, {"model": "wallet.wallettransaction", "pk": 16, "fields": {"wallet": 3, "transaction_type": "deposits", "amount": "16150000.00", "timestamp": "2022-10-02T00:40:57.168Z", "status": "pending", "paystack_payment_ref": "frsb28q2uh"}}, {"model": "wallet.wallettransaction", "pk": 17, "fields": {"wallet": 3, "transaction_type": "deposits", "amount": "16150000.00", "timestamp": "2022-10-02T00:43:33.409Z", "status": "pending", "paystack_payment_ref": "d235o22ooc"}}, {"model": "wallet.wallettransaction", "pk": 18, "fields": {"wallet": 3, "transaction_type": "deposits", "amount": "16150000.00", "timestamp": "2022-10-02T00:45:37.608Z", "status": "pending", "paystack_payment_ref": "5fcmnjqs66"}}, {"model": "wallet.wallettransaction", "pk": 19, "fields": {"wallet": 3, "transaction_type": "deposits", "amount": "16150000.00", "timestamp": "2022-10-02T00:50:12.812Z", "status": "success", "paystack_payment_ref": "z30707o9nb"}}, {"model": "wallet.wallettransaction", "pk": 20, "fields": {"wallet": 3, "transaction_type": "deposits", "amount": "16150000.00", "timestamp": "2022-10-02T00:53:53.178Z", "status": "success", "paystack_payment_ref": "pgabe22mld"}}, {"model": "wallet.wallettransaction", "pk": 21, "fields": {"wallet": 3, "transaction_type": "deposits", "amount": "16150000.00", "timestamp": "2022-10-02T00:56:52.236Z", "status": "success", "paystack_payment_ref": "3hs2iitiay"}}, {"model": "wallet.wallettransaction", "pk": 22, "fields": {"wallet": 3, "transaction_type": "deposits", "amount": "16150000.00", "timestamp": "2022-10-02T01:00:21.002Z", "status": "success", "paystack_payment_ref": "w1umly19if"}}, {"model": "wallet.wallettransaction", "pk": 23, "fields": {"wallet": 3, "transaction_type": "deposits", "amount": "16150000.00", "timestamp": "2022-10-02T01:01:39.321Z", "status": "pending", "paystack_payment_ref": "t3bew9tx3s"}}, {"model": "wallet.wallettransaction", "pk": 24, "fields": {"wallet": 3, "transaction_type": "deposits", "amount": "16150000.00", "timestamp": "2022-10-02T01:02:35.980Z", "status": "success", "paystack_payment_ref": "pkdxz2h7t5"}}, {"model": "wallet.wallettransaction", "pk": 25, "fields": {"wallet": 3, "transaction_type": "deposits", "amount": "2150000.00", "timestamp": "2022-10-02T01:05:42.782Z", "status": "pending", "paystack_payment_ref": "7wmn33q5h6"}}, {"model": "wallet.wallettransaction", "pk": 26, "fields": {"wallet": 3, "transaction_type": "deposits", "amount": "2150000.00", "timestamp": "2022-10-02T01:10:07.227Z", "status": "pending", "paystack_payment_ref": "y91k2nemy5"}}, {"model": "wallet.wallettransaction", "pk": 27, "fields": {"wallet": 3, "transaction_type": "deposits", "amount": "2150000.00", "timestamp": "2022-10-02T01:10:56.655Z", "status": "pending", "paystack_payment_ref": "rik37ggtvw"}}, {"model": "wallet.wallettransaction", "pk": 28, "fields": {"wallet": 3, "transaction_type": "deposits", "amount": "2150000.00", "timestamp": "2022-10-02T01:11:21.701Z", "status": "pending", "paystack_payment_ref": "zc9hg6ptyy"}}, {"model": "wallet.wallettransaction", "pk": 29, "fields": {"wallet": 3, "transaction_type": "deposits", "amount": "2150000.00", "timestamp": "2022-10-02T01:12:03.097Z", "status": "success", "paystack_payment_ref": "s0k0npya3z"}}, {"model": "wallet.wallettransaction", "pk": 30, "fields": {"wallet": 3, "transaction_type": "deposits", "amount": "2150000.00", "timestamp": "2022-10-02T01:12:39.441Z", "status": "success", "paystack_payment_ref": "ayddu2lp78"}}, {"model": "wallet.wallettransaction", "pk": 31, "fields": {"wallet": 3, "transaction_type": "deposits", "amount": "2150000.00", "timestamp": "2022-10-02T01:14:28.358Z", "status": "success", "paystack_payment_ref": "223k2wvd8t"}}, {"model": "wallet.wallettransaction", "pk": 32, "fields": {"wallet": 3, "transaction_type": "deposits", "amount": "15150000.00", "timestamp": "2022-10-03T09:07:06.693Z", "status": "success", "paystack_payment_ref": "3py8p1pujy"}}, {"model": "wallet.wallettransaction", "pk": 33, "fields": {"wallet": 3, "transaction_type": "deposits", "amount": "6150000.00", "timestamp": "2022-10-03T09:27:21.663Z", "status": "success", "paystack_payment_ref": "d728e4tcjn"}}, {"model": "wallet.wallettransaction", "pk": 34, "fields": {"wallet": 3, "transaction_type": "deposits", "amount": "6150000.00", "timestamp": "2022-10-04T18:21:34.213Z", "status": "pending", "paystack_payment_ref": "p0nezqwbdv"}}, {"model": "wallet.wallettransaction", "pk": 35, "fields": {"wallet": 3, "transaction_type": "deposits", "amount": "15150000.00", "timestamp": "2022-10-04T18:25:02.523Z", "status": "success", "paystack_payment_ref": "4r2nx4uzvd"}}, {"model": "wallet.wallettransaction", "pk": 36, "fields": {"wallet": 4, "transaction_type": "deposits", "amount": "6150000.00", "timestamp": "2022-10-06T23:31:45.770Z", "status": "success", "paystack_payment_ref": "fz940638z2"}}, {"model": "wallet.wallettransaction", "pk": 37, "fields": {"wallet": 3, "transaction_type": "deposits", "amount": "20150000.00", "timestamp": "2022-10-23T06:23:30.870Z", "status": "pending", "paystack_payment_ref": "wdp4gmz5kz"}}, {"model": "wallet.wallettransaction", "pk": 38, "fields": {"wallet": 3, "transaction_type": "deposits", "amount": "20150000.00", "timestamp": "2022-10-23T06:24:45.277Z", "status": "pending", "paystack_payment_ref": "3h4dk0i0b2"}}, {"model": "wallet.wallettransaction", "pk": 39, "fields": {"wallet": 3, "transaction_type": "deposits", "amount": "23150000.00", "timestamp": "2022-10-23T06:25:49.218Z", "status": "pending", "paystack_payment_ref": "93hmp1uw9a"}}, {"model": "wallet.wallettransaction", "pk": 40, "fields": {"wallet": 3, "transaction_type": "deposits", "amount": "26150000.00", "timestamp": "2022-10-23T22:27:57.261Z", "status": "pending", "paystack_payment_ref": "cho09aefgy"}}, {"model": "wallet.wallettransaction", "pk": 41, "fields": {"wallet": 3, "transaction_type": "deposits", "amount": "26150000.00", "timestamp": "2022-10-23T22:29:51.791Z", "status": "success", "paystack_payment_ref": "ch07j01pkw"}}, {"model": "wallet.wallettransaction", "pk": 42, "fields": {"wallet": 3, "transaction_type": "deposits", "amount": "51150000.00", "timestamp": "2023-03-29T18:03:14.856Z", "status": "pending", "paystack_payment_ref": "0219o08nia"}}, {"model": "wallet.wallettransaction", "pk": 43, "fields": {"wallet": 3, "transaction_type": "deposits", "amount": "54150000.00", "timestamp": "2023-11-05T05:52:07.837Z", "status": "pending", "paystack_payment_ref": "lryobwe77c"}}, {"model": "wallet.wallettransaction", "pk": 44, "fields": {"wallet": 3, "transaction_type": "deposits", "amount": "39150000.00", "timestamp": "2023-12-24T03:21:02.157Z", "status": "pending", "paystack_payment_ref": "ys913715ft"}}, {"model": "wallet.wallettransaction", "pk": 45, "fields": {"wallet": 3, "transaction_type": "deposits", "amount": "12150000.00", "timestamp": "2023-12-26T23:47:48.354Z", "status": "success", "paystack_payment_ref": "nai3fwuw12"}}, {"model": "wallet.wallettransaction", "pk": 46, "fields": {"wallet": 2, "transaction_type": "deposits", "amount": "23150000.00", "timestamp": "2024-01-09T07:36:43.637Z", "status": "pending", "paystack_payment_ref": "o5mu774rkb"}}, {"model": "wallet.wallettransaction", "pk": 47, "fields": {"wallet": 2, "transaction_type": "deposits", "amount": "6150000.00", "timestamp": "2024-01-09T18:00:05.109Z", "status": "pending", "paystack_payment_ref": "2qbdtnokl4"}}, {"model": "wallet.wallettransaction", "pk": 48, "fields": {"wallet": 2, "transaction_type": "deposits", "amount": "2150000.00", "timestamp": "2024-01-09T18:02:31.667Z", "status": "pending", "paystack_payment_ref": "ghm14xhzkw"}}, {"model": "wallet.wallettransaction", "pk": 49, "fields": {"wallet": 2, "transaction_type": "deposits", "amount": "6240000.00", "timestamp": "2024-01-09T19:26:22.863Z", "status": "pending", "paystack_payment_ref": "gf1sq80mq6"}}]